date;offset_h;duration_h;offered_compensation_pct;final_participation_rate_pct;total_jasm_load_in_event_mwh;total_dispatched_energy_mwh;avg_dispatched_power_mw;avg_srl_price_in_event_chf_kwh;avoided_srl_costs_chf;compensation_chf_per_hh;total_compensation_ch;net_benefit_chf_total
2024-12-30;2.0;4.5;0.0;30.376344086021508;702.4964689325;213.3927445950874;47.42060991001942;0.36243551498198195;57986.61530315373;0.0;0.0;57986.61530315373
2024-12-30;2.0;4.0;0.0;30.376344086021508;666.434106417625;202.43831727202053;50.60957931800513;0.3888891596016433;56307.122077449174;0.0;0.0;56307.122077449174
2024-12-30;1.5;4.5;0.0;30.376344086021508;689.3296475975001;209.3931456411761;46.53181014248358;0.33934405619235974;56025.3045935084;0.0;0.0;56025.3045935084
2024-12-30;1.5;4.0;0.0;30.376344086021508;676.09715039775;205.37359676060686;51.343399190151715;0.3626340351870918;55410.216244286625;0.0;0.0;55410.216244286625
2024-12-30;2.0;7.5;0.0;27.1505376344086;783.2757012089999;212.66356403792744;28.35514187172366;0.2770500858857204;55083.599415640776;0.0;0.0;55083.599415640776
2024-12-30;2.0;7.0;0.0;27.1505376344086;765.1338191942499;207.73794553392273;29.67684936198896;0.2866232179408859;54373.78703344198;0.0;0.0;54373.78703344198
2024-12-30;2.0;6.5;0.0;27.1505376344086;750.7409745575;203.83021083415994;31.358493974486144;0.2977666312642739;53819.831076865536;0.0;0.0;53819.831076865536
2024-12-30;1.5;3.5;0.0;30.376344086021508;640.0347878828749;194.41916943754003;55.548334125011436;0.3928951319245777;53730.72301858208;0.0;0.0;53730.72301858208
2024-12-30;1.5;7.5;0.0;27.1505376344086;778.7673020670001;211.4395094321694;28.191934590955917;0.2624308680864631;53622.15701331821;0.0;0.0;53622.15701331821
2024-12-30;2.0;3.5;0.0;30.376344086021508;607.5418785876249;184.54901150645603;52.72828900184458;0.4215192329576242;53436.27050834755;0.0;0.0;53436.27050834755
2024-12-30;2.0;6.0;0.0;27.1505376344086;738.244717862375;200.43740995725773;33.406234992876286;0.31011169318142984;53313.44713325695;0.0;0.0;53313.44713325695
2024-12-30;2.0;5.5;0.0;27.1505376344086;727.645049108875;197.55954290321597;35.91991689149381;0.3243007121998099;52870.16212236087;0.0;0.0;52870.16212236087
2024-12-30;1.5;7.0;0.0;27.1505376344086;756.8763826742501;205.49600712392274;29.356572446274676;0.27106456678176444;52780.80025683036;0.0;0.0;52780.80025683036
2024-12-30;2.0;5.0;0.0;27.1505376344086;715.72896613225;194.32426231010007;38.86485246202001;0.3414943859072341;52378.513883981635;0.0;0.0;52378.513883981635
2024-12-30;1.5;6.5;0.0;27.1505376344086;738.7345006595001;200.57038861991802;30.856982864602774;0.2809136690639461;52070.98787463156;0.0;0.0;52070.98787463156
2024-12-30;1.5;6.0;0.0;27.1505376344086;724.3416560227502;196.66265392015524;32.77710898669254;0.2925099044245381;51517.031918055116;0.0;0.0;51517.031918055116
2024-12-30;1.0;7.5;0.0;27.1505376344086;817.357019934375;221.91682530476314;29.588910040635085;0.21803255049170067;51507.961850463325;0.0;0.0;51507.961850463325
2024-12-30;1.0;4.5;0.0;30.376344086021508;680.228273468875;206.62848091930883;45.91744020429085;0.26507744426026725;51335.33738325958;0.0;0.0;51335.33738325958
2024-12-30;1.5;5.5;0.0;27.1505376344086;711.8453993276252;193.26985304325294;35.13997328059144;0.3054993604396414;51010.64797444652;0.0;0.0;51010.64797444652
2024-12-30;1.5;3.0;0.0;30.376344086021508;581.142560052875;176.5298636719755;58.8432878906585;0.43163121289371104;50859.87144948045;0.0;0.0;50859.87144948045
2024-12-30;1.0;4.0;0.0;30.376344086021508;668.31219049225;203.00881055275337;50.75220263818834;0.2791666279021046;50785.275492795685;0.0;0.0;50785.275492795685
2024-12-30;1.5;5.0;0.0;27.1505376344086;701.2457305741251;190.3919859892113;38.07839719784226;0.3206460480856806;50567.36296355044;0.0;0.0;50567.36296355044
2024-12-30;1.0;3.5;0.0;30.376344086021508;655.0796932924999;198.9892616721842;56.8540747634812;0.29718697128319055;50170.18714357392;0.0;0.0;50170.18714357392
2024-12-30;1.0;7.0;0.0;27.1505376344086;757.74984496175;205.7331568310128;29.390450975858972;0.2225499670558961;48938.591179937815;0.0;0.0;48938.591179937815
2024-12-30;1.0;3.0;0.0;30.376344086021508;619.0173307776249;188.03483434911732;62.67827811637244;0.32158374015960706;48490.693917869365;0.0;0.0;48490.693917869365
2024-12-30;1.0;6.5;0.0;27.1505376344086;735.858925569;199.78965452276614;30.736869926579406;0.22878003480233083;48097.23442344996;0.0;0.0;48097.23442344996
2024-12-30;0.5;7.5;0.0;27.1505376344086;847.3732283292501;230.06638726143618;30.675518301524825;0.17413196687903093;47595.976726742025;0.0;0.0;47595.976726742025
2024-12-30;1.0;6.0;0.0;27.1505376344086;717.71704355425;194.86403601876142;32.47733933646024;0.23592618460974157;47387.422041251164;0.0;0.0;47387.422041251164
2024-12-30;1.0;5.5;0.0;27.1505376344086;703.3241989175001;190.95630131899858;34.7193275125452;0.2444868518709143;46833.46608467472;0.0;0.0;46833.46608467472
2024-12-30;2.0;3.0;0.0;30.376344086021508;504.85169315762494;153.3554874376657;51.11849581255523;0.458156904788821;46646.842648144295;0.0;0.0;46646.842648144295
2024-12-30;1.0;5.0;0.0;27.1505376344086;690.8279422223751;187.56350044209637;37.51270008841927;0.25397294823216543;46327.08214106614;0.0;0.0;46327.08214106614
2024-12-30;1.0;2.5;0.0;30.376344086021508;560.125102947625;170.1455285835528;68.05821143342112;0.35380475896957303;45619.842348767736;0.0;0.0;45619.842348767736
2024-12-30;1.5;2.5;0.0;30.376344086021508;478.452374622875;145.33633960318517;58.134535841274065;0.47761881507836457;44070.443589277194;0.0;0.0;44070.443589277194
2024-12-30;0.5;7.0;0.0;27.1505376344086;750.0497977767501;203.64255262218214;29.091793231740304;0.17521376238070901;43394.93502482008;0.0;0.0;43394.93502482008
2024-12-30;0.5;4.5;0.0;30.376344086021508;623.5207200647501;189.4027993745074;42.089510972112755;0.1913593220306745;42754.33911527512;0.0;0.0;42754.33911527512
2024-12-30;0.5;4.0;0.0;30.376344086021508;612.92105131125;186.18300752196572;46.54575188049143;0.19602517678710263;42258.38657833198;0.0;0.0;42258.38657833198
2024-12-30;0.5;3.5;0.0;30.376344086021508;601.0049683346249;182.56333715541032;52.16095347297438;0.202262491310179;41708.324687868095;0.0;0.0;41708.324687868095
2024-12-30;0.5;3.0;0.0;30.376344086021508;587.7724711348749;178.5437882748411;59.5145960916137;0.21046886915612495;41093.23633864632;0.0;0.0;41093.23633864632
2024-12-30;0.5;6.5;0.0;27.1505376344086;690.4426228041251;187.4588841484318;28.83982833052797;0.17678491959515089;40825.56435429457;0.0;0.0;40825.56435429457
2024-12-30;0.0;7.0;0.0;27.1505376344086;733.77624111925;199.2241944974308;28.460599213918687;0.16916558249794125;40080.92645597958;0.0;0.0;40080.92645597958
2024-12-30;0.5;6.0;0.0;27.1505376344086;668.5517034113751;181.51538184018514;30.252563640030857;0.1797204056987264;39984.207597806715;0.0;0.0;39984.207597806715
2024-12-30;0.5;2.5;0.0;30.376344086021508;551.7101086199999;167.5893609517742;67.03574438070969;0.22240137138241164;39413.74311294176;0.0;0.0;39413.74311294176
2024-12-30;0.5;5.5;0.0;27.1505376344086;650.409821396625;176.58976333618043;32.10722969748735;0.18305623920648317;39274.39521560791;0.0;0.0;39274.39521560791
2024-12-30;1.0;2.0;0.0;30.376344086021508;457.434917517625;138.95200451476245;69.47600225738123;0.39183264821935543;38830.41448856448;0.0;0.0;38830.41448856448
2024-12-30;0.5;5.0;0.0;27.1505376344086;636.0169767598751;172.68202863641764;34.53640572728353;0.18718597865344727;38720.43925903147;0.0;0.0;38720.43925903147
2024-12-30;0.5;2.0;0.0;30.376344086021508;492.81788079;149.70005518620968;74.85002759310484;0.23788205270057028;36542.89154384013;0.0;0.0;36542.89154384013
2024-12-30;0.0;6.5;0.0;27.1505376344086;636.45281056675;172.80035985817676;26.58467074741181;0.16994856347043383;35879.88475405763;0.0;0.0;35879.88475405763
2024-12-30;2.0;2.5;0.0;30.376344086021508;358.363550127625;108.85774506564954;43.54309802625981;0.499367017952505;35428.67972628722;0.0;0.0;35428.67972628722
2024-12-30;0.0;4.5;0.0;30.376344086021508;522.419989549875;158.69209359982761;35.26490968885058;0.1809109375911319;34912.959957172294;0.0;0.0;34912.959957172294
2024-12-30;0.0;4.0;0.0;30.376344086021508;509.9237328547501;154.89618766824395;38.72404691706099;0.1848215687577231;34346.41158462012;0.0;0.0;34346.41158462012
2024-12-30;0.5;1.5;0.0;34.946236559139784;390.12769535999996;136.33494730322582;90.88996486881722;0.24994500294394592;34229.648485599944;0.0;0.0;34229.648485599944
2024-12-30;0.0;3.5;0.0;30.376344086021508;499.3240641012501;151.67639581570234;43.33611309020067;0.1892200094403622;33850.45904767698;0.0;0.0;33850.45904767698
2024-12-30;0.0;6.0;0.0;27.1505376344086;576.845635594125;156.61669138442642;26.1027818974044;0.1712118838768896;33310.51408353212;0.0;0.0;33310.51408353212
2024-12-30;0.0;3.0;0.0;30.376344086021508;487.40798112462505;148.05672544914688;49.352241816382296;0.19536268182616123;33300.39715721308;0.0;0.0;33300.39715721308
2024-12-30;1.5;2.0;0.0;30.376344086021508;331.964231592875;100.83859723116902;50.41929861558451;0.5339969341053554;32852.28066742012;0.0;0.0;32852.28066742012
2024-12-30;0.0;2.5;0.0;30.376344086021508;474.17548392487504;144.03717656857765;57.61487062743106;0.20383037334449278;32685.308807991307;0.0;0.0;32685.308807991307
2024-12-30;0.0;5.5;0.0;27.1505376344086;554.9547162013749;150.6731890761798;27.395125286578146;0.1739075927427665;32469.15732704427;0.0;0.0;32469.15732704427
2024-12-30;0.0;1.5;0.0;34.946236559139784;379.22089358;132.52343055215056;88.3489537014337;0.2359556208626651;32367.65771428378;0.0;0.0;32367.65771428378
2024-12-30;1.0;1.5;0.0;34.946236559139784;310.946774487625;108.66419538546036;72.44279692364024;0.43840808463567366;31766.307112141258;0.0;0.0;31766.307112141258
2024-12-30;0.0;5.0;0.0;27.1505376344086;536.812834186625;145.74757057217508;29.149514114435014;0.17699572830570293;31759.344944845474;0.0;0.0;31759.344944845474
2024-12-30;-0.5;6.5;0.0;27.1505376344086;603.7336759992501;163.91693891377486;25.217990602119208;0.1626346794864636;31029.026488337055;0.0;0.0;31029.026488337055
2024-12-30;0.0;2.0;0.0;30.376344086021508;438.11312141;133.08274924551077;66.54137462275538;0.21708637717444312;31005.815582286756;0.0;0.0;31005.815582286756
2024-12-30;-0.5;6.0;0.0;27.1505376344086;506.4102454467501;137.49310427452082;22.915517379086804;0.16293866695570744;26827.98478641511;0.0;0.0;26827.98478641511
2024-12-30;1.5;1.5;0.0;34.946236559139784;201.92166647287502;70.56402322976814;47.04268215317876;0.6273068049247569;26143.698820516736;0.0;0.0;26143.698820516736
2024-12-30;-0.5;4.5;0.0;30.376344086021508;406.77026906662513;123.56193657131351;27.458208126958557;0.1684322179344309;25405.359231920145;0.0;0.0;25405.359231920145
2024-12-30;2.0;2.0;0.0;30.376344086021508;228.320985007625;69.35556802650974;34.67778401325487;0.5606919420288434;25301.30649516242;0.0;0.0;25301.30649516242
2024-12-30;-0.5;4.0;0.0;30.376344086021508;392.3774244298751;119.18991656068783;29.79747914017196;0.1717663895841295;24785.58672604749;0.0;0.0;24785.58672604749
2024-12-30;0.0;1.0;0.0;34.946236559139784;276.53070815;96.63707542876345;96.63707542876345;0.253086830308776;24556.811503430472;0.0;0.0;24556.811503430472
2024-12-30;-0.5;5.5;0.0;27.1505376344086;446.80307047412515;121.30943580077049;22.056261054685542;0.16367957135232042;24258.614115889603;0.0;0.0;24258.614115889603
2024-12-30;-0.5;3.5;0.0;30.376344086021508;379.8811677347501;115.3940106291042;32.9697173226012;0.17492931834494763;24219.038353495303;0.0;0.0;24219.038353495303
2024-12-30;-0.5;1.5;0.0;34.946236559139784;308.07055629;107.6590653701613;71.7727102467742;0.20475939568354043;24019.446952664195;0.0;0.0;24019.446952664195
2024-12-30;-0.5;3.0;0.0;30.376344086021508;369.28149898125;112.17421877656253;37.391406258854175;0.17841212407256402;23723.085816552164;0.0;0.0;23723.085816552164
2024-12-30;-0.5;5.0;0.0;27.1505376344086;424.91215108137516;115.36593349252384;23.073186698504767;0.165891619852328;23417.257359401752;0.0;0.0;23417.257359401752
2024-12-30;-0.5;2.5;0.0;30.376344086021508;357.365416004625;108.55454841000707;43.42181936400283;0.18362175386196322;23173.023926088274;0.0;0.0;23173.023926088274
2024-12-30;-0.5;2.0;0.0;30.376344086021508;344.132918804875;104.53499952943784;52.26749976471892;0.1912711362688282;22557.935576866505;0.0;0.0;22557.935576866505
2024-12-30;0.5;1.0;0.0;34.946236559139784;243.63955233;85.14285430887097;85.14285430887097;0.24886433493071847;21323.797336560838;0.0;0.0;21323.797336560838
2024-12-30;-1.0;6.0;0.0;27.1505376344086;457.24553296925;124.14462051046841;20.690770085078068;0.15517870786280216;21002.17290331437;0.0;0.0;21002.17290331437
2024-12-30;-0.5;1.0;0.0;34.946236559139784;249.17832846000002;87.07844811774194;87.07844811774194;0.2268997704704221;20716.697359892416;0.0;0.0;20716.697359892416
2024-12-30;1.0;1.0;0.0;34.946236559139784;180.90420936762501;63.21921295105175;63.21921295105175;0.5305784661299349;20115.346757749896;0.0;0.0;20115.346757749896
2024-12-30;2.0;1.5;0.0;34.946236559139784;114.723997797625;40.091719660460356;26.72781310697357;0.666368806633696;19434.860755627997;0.0;0.0;19434.860755627997
2024-12-30;-1.0;5.5;0.0;27.1505376344086;359.9221024167501;97.7207858712144;17.767415612948074;0.15483251495437167;16801.13120139242;0.0;0.0;16801.13120139242
2024-12-30;1.5;1.0;0.0;34.946236559139784;88.32467926287501;30.86615135530578;30.86615135530578;0.8191295332799924;16470.861838347264;0.0;0.0;16470.861838347264
2024-12-30;-1.0;4.5;0.0;30.376344086021508;278.4240080513751;84.5750347037779;18.79445215639509;0.15631220661698655;14981.342836681531;0.0;0.0;14981.342836681531
2024-12-30;-1.5;5.5;0.0;27.1505376344086;354.55534753924996;96.26368306845228;17.502487830627686;0.15095011748938025;14933.746231805259;0.0;0.0;14933.746231805259
2024-12-30;-1.0;5.0;0.0;27.1505376344086;300.3149274441251;81.53711739746406;16.30742347949281;0.15483689459051236;14231.760530866915;0.0;0.0;14231.760530866915
2024-12-30;-1.0;4.0;0.0;30.376344086021508;260.2821260366251;79.06419419929739;19.766048549824347;0.15797295280493465;14187.196310063075;0.0;0.0;14187.196310063075
2024-12-30;-1.0;3.5;0.0;30.376344086021508;245.88928139987502;74.69217418867173;21.34062119676335;0.16028925395751928;13567.423804190423;0.0;0.0;13567.423804190423
2024-12-30;-1.0;1.5;0.0;34.946236559139784;197.64477577487503;69.06941088906923;46.046273926046155;0.17099273536830395;13045.75615178077;0.0;0.0;13045.75615178077
2024-12-30;-1.0;3.0;0.0;30.376344086021508;233.39302470475002;70.89626825708805;23.632089419029352;0.16206648157403877;13000.875431638246;0.0;0.0;13000.875431638246
2024-12-30;-1.0;2.5;0.0;30.376344086021508;222.79335595125002;67.67647640454638;27.070590561818552;0.16367328109299667;12504.922894695104;0.0;0.0;12504.922894695104
2024-12-30;-2.0;5.0;0.0;27.1505376344086;295.66311970925;80.27412658772649;16.054825317545298;0.14999726462734053;12367.76385588257;0.0;0.0;12367.76385588257
2024-12-30;-1.0;2.0;0.0;30.376344086021508;210.87727297462501;64.05680603799092;32.02840301899546;0.1665006075848538;11954.861004231212;0.0;0.0;11954.861004231212
2024-12-30;-1.0;1.0;0.0;34.946236559139784;161.58241326;56.46697237580646;56.46697237580646;0.18108592404011026;11113.595803625089;0.0;0.0;11113.595803625089
2024-12-30;-1.5;5.0;0.0;27.1505376344086;257.23191698675;69.83984842919824;13.967969685839648;0.15014644625276452;10732.704529883313;0.0;0.0;10732.704529883313
2024-12-30;-2.0;4.5;0.0;30.376344086021508;198.33968915675;60.24834643739988;13.388521430533308;0.14899842404642974;9137.025776213372;0.0;0.0;9137.025776213372
2024-12-30;-1.5;4.5;0.0;30.376344086021508;197.624742014125;60.03117163332293;13.34026036296065;0.14963063821496447;9133.234911954776;0.0;0.0;9133.234911954776
2024-12-30;2.0;1.0;0.0;34.946236559139784;47.416775640000004;16.57037858387097;16.57037858387097;0.5908054179277519;8992.350980047573;0.0;0.0;8992.350980047573
2024-12-30;-1.5;4.0;0.0;30.376344086021508;175.733822621375;53.38151063498758;13.345377658746894;0.1506395821978045;8191.914976478271;0.0;0.0;8191.914976478271
2024-12-30;-1.5;3.5;0.0;30.376344086021508;157.591940606625;47.87067013050706;13.677334323002016;0.15172720292414768;7397.768449859814;0.0;0.0;7397.768449859814
2024-12-30;-1.5;3.0;0.0;30.376344086021508;143.199095969875;43.49865011988138;14.49955003996046;0.15338859595536528;6777.995943987162;0.0;0.0;6777.995943987162
2024-12-30;-2.0;4.0;0.0;30.376344086021508;138.73251418412502;42.14186586775841;10.535466466939603;0.14827463722811285;6262.383342853151;0.0;0.0;6262.383342853151
2024-12-30;-1.5;2.5;0.0;30.376344086021508;130.70283927475;39.702744188297714;15.881097675319086;0.15414113749475783;6211.447571434984;0.0;0.0;6211.447571434984
2024-12-30;-1.5;1.5;0.0;34.946236559139784;108.18708754462503;37.807315539788306;25.204877026525537;0.1547697427896573;5942.533705518881;0.0;0.0;5942.533705518881
2024-12-30;-1.5;2.0;0.0;30.376344086021508;120.10317052125001;36.48295233575605;18.241476167878027;0.15416830087363498;5715.495034491842;0.0;0.0;5715.495034491842
2024-12-30;-2.0;3.5;0.0;30.376344086021508;116.841594791375;35.49220486942306;10.140629962692303;0.14923400163895123;5321.063407376645;0.0;0.0;5321.063407376645
2024-12-30;-1.5;1.0;0.0;34.946236559139784;94.95459034487502;33.18305576568213;33.18305576568213;0.15564250206723426;5234.909940927463;0.0;0.0;5234.909940927463
2024-12-30;-2.0;3.0;0.0;30.376344086021508;98.699712776625;29.98136436494255;9.993788121647517;0.1502686290598761;4526.916880758188;0.0;0.0;4526.916880758188
2024-12-30;-2.0;2.5;0.0;30.376344086021508;84.30686813987501;25.609344354316875;10.24373774172675;0.1519705859244829;3907.1443748855377;0.0;0.0;3907.1443748855377
2024-12-30;-2.0;2.0;0.0;30.376344086021508;71.81061144475001;21.813438422733203;10.906719211366601;0.15255676034100302;3340.5960023333596;0.0;0.0;3340.5960023333596
2024-12-30;-2.0;1.5;0.0;34.946236559139784;61.210942691250004;21.390920832963715;14.260613888642476;0.1520648524615876;3272.5986769975957;0.0;0.0;3272.5986769975957
2024-12-30;-2.0;1.0;0.0;34.946236559139784;49.294859714625005;17.226698287368954;17.226698287368954;0.15191529112959737;2639.7841127471;0.0;0.0;2639.7841127471
2024-12-30;2.0;7.5;5.0;33.064516129032256;783.2757012089999;258.9863205610404;34.53150940813872;0.2770500858857204;67082.00720914667;0.11599999999999999;92051.6129032258;-24969.60569407913
2024-12-30;2.0;7.0;5.0;33.064516129032256;765.1338191942499;252.98779505616335;36.141113579451904;0.2866232179408859;66217.58222884517;0.11599999999999999;92051.6129032258;-25834.03067438063
2024-12-30;2.0;6.5;5.0;33.064516129032256;750.7409745575;248.22887061981857;38.18905701843362;0.2977666312642739;65542.96259855901;0.11599999999999999;92051.6129032258;-26508.650304666793
2024-12-30;1.5;7.5;5.0;33.064516129032256;778.7673020670001;257.4956401995726;34.33275202660968;0.2624308680864631;65302.230818199394;0.11599999999999999;92051.6129032258;-26749.38208502641
2024-12-30;2.0;6.0;5.0;33.064516129032256;738.244717862375;244.09704380933368;40.68284063488895;0.31011169318142984;64926.27720188718;0.11599999999999999;92051.6129032258;-27125.335701338627
2024-12-30;2.0;5.5;5.0;33.064516129032256;727.645049108875;240.59231462470868;43.744057204492485;0.3243007121998099;64386.43505990481;0.11599999999999999;92051.6129032258;-27665.17784332099
2024-12-30;1.5;7.0;5.0;33.064516129032256;756.8763826742501;250.25751362616333;35.75107337516619;0.27106456678176444;64277.608233565676;0.11599999999999999;92051.6129032258;-27774.004669660128
2024-12-30;2.0;5.0;5.0;33.064516129032256;715.72896613225;236.65231944695364;47.33046388939073;0.3414943859072341;63787.69512603703;0.11599999999999999;92051.6129032258;-28263.91777718877
2024-12-30;1.5;6.5;5.0;33.064516129032256;738.7345006595001;244.2589881212863;37.57830586481328;0.2809136690639461;63413.183253264164;0.11599999999999999;92051.6129032258;-28638.42964996164
2024-12-30;1.5;6.0;5.0;33.064516129032256;724.3416560227502;239.50006368494152;39.916677280823585;0.2925099044245381;62738.56362297801;0.11599999999999999;92051.6129032258;-29313.049280247797
2024-12-30;1.0;7.5;5.0;33.064516129032256;817.357019934375;270.25514368797883;36.03401915839718;0.21803255049170067;62727.5178970989;0.11599999999999999;92051.6129032258;-29324.095006126903
2024-12-30;1.5;5.5;5.0;33.064516129032256;711.8453993276252;235.36823687445664;42.79422488626484;0.3054993604396414;62121.878226306166;0.11599999999999999;92051.6129032258;-29929.734676919637
2024-12-30;1.5;5.0;5.0;33.064516129032256;701.2457305741251;231.86350768983166;46.372701537966336;0.3206460480856806;61582.03608432381;0.11599999999999999;92051.6129032258;-30469.576818901995
2024-12-30;2.0;4.5;5.0;36.55913978494624;702.4964689325;256.8266660613441;57.072592458076464;0.36243551498198195;69789.20071883989;0.11599999999999999;101780.64516129032;-31991.444442450433
2024-12-30;1.0;7.0;5.0;33.064516129032256;757.74984496175;250.54631970509476;35.79233138644211;0.2225499670558961;59598.48232804309;0.11599999999999999;92051.6129032258;-32453.130575182717
2024-12-30;1.0;6.5;5.0;33.064516129032256;735.858925569;243.3081931316855;37.432029712567;0.22878003480233083;58573.85974340937;0.11599999999999999;92051.6129032258;-33477.753159816435
2024-12-30;2.0;4.0;5.0;36.55913978494624;666.434106417625;243.64257653977688;60.91064413494422;0.3888891596016433;67767.86373923086;0.11599999999999999;101780.64516129032;-34012.78142205946
2024-12-30;0.5;7.5;5.0;33.064516129032256;847.3732283292501;280.17985775402616;37.357314367203486;0.17413196687903093;57963.41720187394;0.11599999999999999;92051.6129032258;-34088.19570135186
2024-12-30;1.0;6.0;5.0;33.064516129032256;717.71704355425;237.30966762680848;39.551611271134746;0.23592618460974157;57709.434763107856;0.11599999999999999;92051.6129032258;-34342.17814011795
2024-12-30;1.5;4.5;5.0;36.55913978494624;689.3296475975001;252.0129894442473;56.00288654316606;0.33934405619235974;67428.68517448798;0.11599999999999999;101780.64516129032;-34351.959986802336
2024-12-30;1.0;5.5;5.0;33.064516129032256;703.3241989175001;232.5507431904637;42.281953307357035;0.2444868518709143;57034.8151328217;0.11599999999999999;92051.6129032258;-35016.797770404104
2024-12-30;1.5;4.0;5.0;36.55913978494624;676.09715039775;247.1753022959516;61.7938255739879;0.3626340351870918;66688.40185153081;0.11599999999999999;101780.64516129032;-35092.243309759506
2024-12-30;1.0;5.0;5.0;33.064516129032256;690.8279422223751;228.4189163799788;45.683783275995765;0.25397294823216543;56418.12973614986;0.11599999999999999;92051.6129032258;-35633.483167075945
2024-12-30;1.5;3.5;5.0;36.55913978494624;640.0347878828749;233.9912127743844;66.85463222125269;0.3928951319245777;64667.064871921786;0.11599999999999999;101780.64516129032;-37113.58028936853
2024-12-30;2.0;3.5;5.0;36.55913978494624;607.5418785876249;222.11208464493816;63.46059561283948;0.4215192329576242;64312.679549869616;0.11599999999999999;101780.64516129032;-37467.9656114207
2024-12-30;0.5;7.0;5.0;33.064516129032256;750.0497977767501;248.0003363616673;35.42861948023819;0.17521376238070901;52847.297109434345;0.11599999999999999;92051.6129032258;-39204.31579379146
2024-12-30;1.0;4.5;5.0;36.55913978494624;680.228273468875;248.68560535421238;55.263467856491644;0.26507744426026725;61784.12286834781;0.11599999999999999;101780.64516129032;-39996.52229294251
2024-12-30;1.5;3.0;5.0;36.55913978494624;581.142560052875;212.4607208795457;70.8202402931819;0.43163121289371104;61211.880682560535;0.11599999999999999;101780.64516129032;-40568.76447872978
2024-12-30;1.0;4.0;5.0;36.55913978494624;668.31219049225;244.32918792189787;61.08229698047447;0.2791666279021046;61122.10147805499;0.11599999999999999;101780.64516129032;-40658.54368323533
2024-12-30;1.0;3.5;5.0;36.55913978494624;655.0796932924999;239.4915007736021;68.42614307817203;0.29718697128319055;60381.81815509781;0.11599999999999999;101780.64516129032;-41398.82700619251
2024-12-30;0.5;6.5;5.0;33.064516129032256;690.4426228041251;228.29151237878324;35.12177113519742;0.17678491959515089;49718.26154037853;0.11599999999999999;92051.6129032258;-42333.35136284727
2024-12-30;0.0;7.0;5.0;33.064516129032256;733.77624111925;242.61956359588106;34.65993765655444;0.16916558249794125;48811.42528797512;0.11599999999999999;92051.6129032258;-43240.18761525068
2024-12-30;0.5;6.0;5.0;33.064516129032256;668.5517034113751;221.05338580537398;36.84223096756233;0.1797204056987264;48693.63895574481;0.11599999999999999;92051.6129032258;-43357.97394748099
2024-12-30;1.0;3.0;5.0;36.55913978494624;619.0173307776249;226.3074112520349;75.4358037506783;0.32158374015960706;58360.48117548879;0.11599999999999999;101780.64516129032;-43420.163985801526
2024-12-30;0.5;5.5;5.0;33.064516129032256;650.409821396625;215.05486030049696;39.100883690999446;0.18305623920648317;47829.2139754433;0.11599999999999999;92051.6129032258;-44222.3989277825
2024-12-30;0.5;5.0;5.0;33.064516129032256;636.0169767598751;210.29593586415217;42.059187172830434;0.18718597865344727;47154.594345157144;0.11599999999999999;92051.6129032258;-44897.01855806866
2024-12-30;2.0;3.0;5.0;36.55913978494624;504.85169315762494;184.56943620816398;61.523145402721326;0.458156904788821;56141.332744669235;0.11599999999999999;101780.64516129032;-45639.312416621084
2024-12-30;1.0;2.5;5.0;36.55913978494624;560.125102947625;204.77691935719622;81.91076774287849;0.35380475896957303;54905.29698612754;0.11599999999999999;101780.64516129032;-46875.34817516278
2024-12-30;0.0;6.5;5.0;33.064516129032256;636.45281056675;210.44004220352218;32.37539110823418;0.16994856347043383;43695.305195535526;0.11599999999999999;92051.6129032258;-48356.30770769028
2024-12-30;1.5;2.5;5.0;36.55913978494624;478.452374622875;174.91807244277152;69.9672289771086;0.47761881507836457;53040.533877360154;0.11599999999999999;101780.64516129032;-48740.111283930164
2024-12-30;0.5;4.5;5.0;36.55913978494624;623.5207200647501;227.9538116365753;50.656402585905624;0.1913593220306745;51456.54973165855;0.11599999999999999;101780.64516129032;-50324.095429631765
2024-12-30;0.5;4.0;5.0;36.55913978494624;612.92105131125;224.07866392024195;56.01966598006049;0.19602517678710263;50859.651103125216;0.11599999999999999;101780.64516129032;-50920.9940581651
2024-12-30;0.0;6.0;5.0;33.064516129032256;576.845635594125;190.7312182206381;31.788536370106353;0.1712118838768896;40566.26962647971;0.11599999999999999;92051.6129032258;-51485.34327674609
2024-12-30;0.5;3.5;5.0;36.55913978494624;601.0049683346249;219.72224648792738;62.77778471083639;0.202262491310179;50197.629712832386;0.11599999999999999;101780.64516129032;-51583.01544845793
2024-12-30;0.5;3.0;5.0;36.55913978494624;587.7724711348749;214.8845593396317;71.62818644654389;0.21046886915612495;49457.34638987521;0.11599999999999999;101780.64516129032;-52323.29877141511
2024-12-30;0.0;5.5;5.0;33.064516129032256;554.9547162013749;183.49309164722888;33.36238029949616;0.1739075927427665;39541.64704184601;0.11599999999999999;92051.6129032258;-52509.965861379795
2024-12-30;0.0;5.0;5.0;33.064516129032256;536.812834186625;177.49456614235186;35.49891322847037;0.17699572830570293;38677.2220615445;0.11599999999999999;92051.6129032258;-53374.39084168131
2024-12-30;-0.5;6.5;5.0;33.064516129032256;603.7336759992501;199.6216186771714;30.711018258026368;0.1626346794864636;37787.82433728177;0.11599999999999999;92051.6129032258;-54263.788565944036
2024-12-30;0.5;2.5;5.0;36.55913978494624;551.7101086199999;201.7004698180645;80.6801879272258;0.22240137138241164;47436.00941026619;0.11599999999999999;101780.64516129032;-54344.63575102413
2024-12-30;1.0;2.0;5.0;36.55913978494624;457.434917517625;167.23427092042203;83.61713546021102;0.39183264821935543;46733.95018092716;0.11599999999999999;101780.64516129032;-55046.69498036316
2024-12-30;0.5;2.0;5.0;36.55913978494624;492.81788079;180.16997792322582;90.08498896161291;0.23788205270057028;43980.82522090494;0.11599999999999999;101780.64516129032;-57799.81994038538
2024-12-30;2.0;2.5;5.0;36.55913978494624;358.363550127625;131.0146312294543;52.405852491781715;0.499367017952505;42639.82692721294;0.11599999999999999;101780.64516129032;-59140.81823407738
2024-12-30;-0.5;6.0;5.0;33.064516129032256;506.4102454467501;167.44209728481252;27.90701621413542;0.16293866695570744;32671.704244842167;0.11599999999999999;92051.6129032258;-59379.90865838363
2024-12-30;0.0;4.5;5.0;36.55913978494624;522.419989549875;190.99225424404034;42.4427231653423;0.1809109375911319;42019.1376475702;0.11599999999999999;101780.64516129032;-59761.50751372012
2024-12-30;0.0;4.0;5.0;36.55913978494624;509.9237328547501;186.42373029098388;46.60593257274597;0.1848215687577231;41337.274119542795;0.11599999999999999;101780.64516129032;-60443.37104174752
2024-12-30;0.0;3.5;5.0;36.55913978494624;499.3240641012501;182.5485825746505;52.156737878471574;0.1892200094403622;40740.37549100945;0.11599999999999999;101780.64516129032;-61040.26967028087
2024-12-30;0.0;3.0;5.0;36.55913978494624;487.40798112462505;178.192165142336;59.397388380778665;0.19536268182616123;40078.35410071663;0.11599999999999999;101780.64516129032;-61702.29106057369
2024-12-30;1.5;2.0;5.0;36.55913978494624;331.964231592875;121.36326746406183;60.68163373203092;0.5339969341053554;39539.02805990386;0.11599999999999999;101780.64516129032;-62241.61710138646
2024-12-30;0.0;2.5;5.0;36.55913978494624;474.17548392487504;173.3544779940403;69.34179119761612;0.20383037334449278;39338.07077775945;0.11599999999999999;101780.64516129032;-62442.57438353087
2024-12-30;-0.5;5.5;5.0;33.064516129032256;446.80307047412515;147.73327330192842;26.860595145805167;0.16367957135232042;29542.66867578635;0.11599999999999999;92051.6129032258;-62508.94422743945
2024-12-30;-0.5;5.0;5.0;33.064516129032256;424.91215108137516;140.49514672851916;28.099029345703833;0.165891619852328;28518.046091152635;0.11599999999999999;92051.6129032258;-63533.56681207317
2024-12-30;0.0;2.0;5.0;36.55913978494624;438.11312141;160.17038847247312;80.08519423623656;0.21708637717444312;37316.73379815043;0.11599999999999999;101780.64516129032;-64463.91136313989
2024-12-30;-1.0;6.0;5.0;33.064516129032256;457.24553296925;151.18602299789717;25.19767049964953;0.15517870786280216;25576.90363472938;0.11599999999999999;92051.6129032258;-66474.70926849643
2024-12-30;-0.5;4.5;5.0;36.55913978494624;406.77026906662513;148.71171127166937;33.04704694925986;0.1684322179344309;30576.361553461415;0.11599999999999999;101780.64516129032;-71204.2836078289
2024-12-30;2.0;2.0;5.0;36.55913978494624;228.320985007625;83.47218806730376;41.73609403365188;0.5606919420288434;30451.12994108043;0.11599999999999999;101780.64516129032;-71329.51522020988
2024-12-30;-1.0;5.5;5.0;33.064516129032256;359.9221024167501;119.00650160553828;21.637545746461505;0.15483251495437167;20460.783542289784;0.11599999999999999;92051.6129032258;-71590.82936093601
2024-12-30;-0.5;4.0;5.0;36.55913978494624;392.3774244298751;143.4498110818898;35.86245277047245;0.1717663895841295;29830.44066143769;0.11599999999999999;101780.64516129032;-71950.20449985263
2024-12-30;-0.5;3.5;5.0;36.55913978494624;379.8811677347501;138.88128712883335;39.68036775109524;0.17492931834494763;29148.57713341029;0.11599999999999999;101780.64516129032;-72632.06802788003
2024-12-30;-0.5;3.0;5.0;36.55913978494624;369.28149898125;135.0061394125;45.002046470833335;0.17841212407256402;28551.67850487695;0.11599999999999999;101780.64516129032;-73228.96665641337
2024-12-30;-1.5;5.5;5.0;33.064516129032256;354.55534753924996;117.2320100734617;21.31491092244758;0.15095011748938025;18186.641450614323;0.11599999999999999;92051.6129032258;-73864.97145261148
2024-12-30;-0.5;2.5;5.0;36.55913978494624;357.365416004625;130.6497219801855;52.25988879207419;0.18362175386196322;27889.657114584123;0.11599999999999999;101780.64516129032;-73890.98804670619
2024-12-30;-0.5;2.0;5.0;36.55913978494624;344.132918804875;125.8120348318898;62.9060174159449;0.1912711362688282;27149.373791626946;0.11599999999999999;101780.64516129032;-74631.27136966337
2024-12-30;-1.0;5.0;5.0;33.064516129032256;300.3149274441251;99.2976776226542;19.85953552453084;0.15483689459051236;17331.747973233967;0.11599999999999999;92051.6129032258;-74719.86492999183
2024-12-30;0.5;1.5;5.0;41.935483870967744;390.12769535999996;163.60193676387095;109.06795784258064;0.24994500294394592;41075.578182719924;0.11599999999999999;116748.38709677418;-75672.80891405426
2024-12-30;-2.0;5.0;5.0;33.064516129032256;295.66311970925;97.75957990386492;19.551915980772982;0.14999726462734053;15061.732220530255;0.11599999999999999;92051.6129032258;-76989.88068269554
2024-12-30;0.0;1.5;5.0;41.935483870967744;379.22089358;159.02811666258066;106.01874444172044;0.2359556208626651;38841.18925714053;0.11599999999999999;116748.38709677418;-77907.19783963365
2024-12-30;1.0;1.5;5.0;41.935483870967744;310.946774487625;130.39703446255243;86.93135630836828;0.43840808463567366;38119.56853456952;0.11599999999999999;116748.38709677418;-78628.81856220466
2024-12-30;-1.5;5.0;5.0;33.064516129032256;257.23191698675;85.05248868110282;17.010497736220564;0.15014644625276452;13070.521358174727;0.11599999999999999;92051.6129032258;-78981.09154505108
2024-12-30;-1.0;4.5;5.0;36.55913978494624;278.4240080513751;101.78942229835216;22.619871621856035;0.15631220661698655;18030.642706094586;0.11599999999999999;101780.64516129032;-83750.00245519573
2024-12-30;-1.0;4.0;5.0;36.55913978494624;260.2821260366251;95.15690629295969;23.789226573239922;0.15797295280493465;17074.855736005116;0.11599999999999999;101780.64516129032;-84705.7894252852
2024-12-30;1.5;1.5;5.0;41.935483870967744;201.92166647287502;84.67682787572178;56.45121858381452;0.6273068049247569;31372.438584620086;0.11599999999999999;116748.38709677418;-85375.9485121541
2024-12-30;-1.0;3.5;5.0;36.55913978494624;245.88928139987502;89.89500610318014;25.684287458051468;0.16028925395751928;16328.934843981391;0.11599999999999999;101780.64516129032;-85451.71031730893
2024-12-30;-1.0;3.0;5.0;36.55913978494624;233.39302470475002;85.32648215012368;28.442160716707892;0.16206648157403877;15647.071315953992;0.11599999999999999;101780.64516129032;-86133.57384533633
2024-12-30;-1.0;2.5;5.0;36.55913978494624;222.79335595125002;81.45133443379034;32.58053377351614;0.16367328109299667;15050.172687420654;0.11599999999999999;101780.64516129032;-86730.47247386967
2024-12-30;0.0;1.0;5.0;41.935483870967744;276.53070815;115.96449051451614;115.96449051451614;0.253086830308776;29468.173804116563;0.11599999999999999;116748.38709677418;-87280.21329265762
2024-12-30;-1.0;2.0;5.0;36.55913978494624;210.87727297462501;77.09491700147582;38.54745850073791;0.1665006075848538;14388.151297127828;0.11599999999999999;101780.64516129032;-87392.49386416249
2024-12-30;-0.5;1.5;5.0;41.935483870967744;308.07055629;129.19087844419357;86.12725229612904;0.20475939568354043;28823.336343197032;0.11599999999999999;116748.38709677418;-87925.05075357715
2024-12-30;-2.0;4.5;5.0;36.55913978494624;198.33968915675;72.5112842078441;16.113618712854244;0.14899842404642974;10996.774385531138;0.11599999999999999;101780.64516129032;-90783.87077575918
2024-12-30;-1.5;4.5;5.0;36.55913978494624;197.624742014125;72.24990568258335;16.055534596129633;0.14963063821496447;10992.211929432297;0.11599999999999999;101780.64516129032;-90788.43323185803
2024-12-30;0.5;1.0;5.0;41.935483870967744;243.63955233;102.17142517064516;102.17142517064516;0.24886433493071847;25588.556803873005;0.11599999999999999;116748.38709677418;-91159.83029290117
2024-12-30;-0.5;1.0;5.0;41.935483870967744;249.17832846000002;104.49413774129033;104.49413774129033;0.2268997704704221;24860.036831870897;0.11599999999999999;116748.38709677418;-91888.35026490329
2024-12-30;-1.5;4.0;5.0;36.55913978494624;175.733822621375;64.24677386157796;16.06169346539449;0.1506395821978045;9859.295900894202;0.11599999999999999;101780.64516129032;-91921.34926039612
2024-12-30;1.0;1.0;5.0;41.935483870967744;180.90420936762501;75.8630555412621;75.8630555412621;0.5305784661299349;24138.41610929988;0.11599999999999999;116748.38709677418;-92609.9709874743
2024-12-30;-1.5;3.5;5.0;36.55913978494624;157.591940606625;57.61425785618548;16.46121653033871;0.15172720292414768;8903.508930804732;0.11599999999999999;101780.64516129032;-92877.13623048559
2024-12-30;2.0;1.5;5.0;41.935483870967744;114.723997797625;48.11006359255242;32.07337572836828;0.666368806633696;23321.832906753596;0.11599999999999999;116748.38709677418;-93426.55419002059
2024-12-30;-1.5;3.0;5.0;36.55913978494624;143.199095969875;52.352357666405915;17.45078588880197;0.15338859595536528;8157.588038781009;0.11599999999999999;101780.64516129032;-93623.05712250932
2024-12-30;-2.0;4.0;5.0;36.55913978494624;138.73251418412502;50.71941378774463;12.679853446936157;0.14827463722811285;7537.027740071049;0.11599999999999999;101780.64516129032;-94243.61742121927
2024-12-30;-1.5;2.5;5.0;36.55913978494624;130.70283927475;47.783833713349466;19.113533485339786;0.15414113749475783;7475.724510753609;0.11599999999999999;101780.64516129032;-94304.9206505367
2024-12-30;-1.5;2.0;5.0;36.55913978494624;120.10317052125001;43.908685997016136;21.954342998508068;0.15416830087363498;6878.825882220271;0.11599999999999999;101780.64516129032;-94901.81927907004
2024-12-30;-2.0;3.5;5.0;36.55913978494624;116.841594791375;42.716281966739245;12.204651990496927;0.14923400163895123;6404.111711532953;0.11599999999999999;101780.64516129032;-95376.53344975736
2024-12-30;-2.0;3.0;5.0;36.55913978494624;98.699712776625;36.08376596134677;12.02792198711559;0.1502686290598761;5448.324741443484;0.11599999999999999;101780.64516129032;-96332.32041984683
2024-12-30;1.5;1.0;5.0;41.935483870967744;88.32467926287501;37.03938162636694;37.03938162636694;0.8191295332799924;19765.034206016717;0.11599999999999999;116748.38709677418;-96983.35289075747
2024-12-30;-2.0;2.5;5.0;36.55913978494624;84.30686813987501;30.821865771567204;12.328746308626881;0.1519705859244829;4702.403849419762;0.11599999999999999;101780.64516129032;-97078.24131187056
2024-12-30;-2.0;2.0;5.0;36.55913978494624;71.81061144475001;26.253341818510755;13.126670909255377;0.15255676034100302;4020.5403213923623;0.11599999999999999;101780.64516129032;-97760.10483989796
2024-12-30;-1.0;1.5;5.0;41.935483870967744;197.64477577487503;82.88329306688306;55.25552871125537;0.17099273536830395;15654.907382136926;0.11599999999999999;116748.38709677418;-101093.47971463726
2024-12-30;-1.0;1.0;5.0;41.935483870967744;161.58241326;67.76036685096774;67.76036685096774;0.18108592404011026;13336.314964350107;0.11599999999999999;116748.38709677418;-103412.07213242407
2024-12-30;2.0;1.0;5.0;41.935483870967744;47.416775640000004;19.884454300645164;19.884454300645164;0.5908054179277519;10790.821176057087;0.11599999999999999;116748.38709677418;-105957.5659207171
2024-12-30;-1.5;1.5;5.0;41.935483870967744;108.18708754462503;45.36877864774596;30.24585243183064;0.1547697427896573;7131.0404466226555;0.11599999999999999;116748.38709677418;-109617.34665015152
2024-12-30;-1.5;1.0;5.0;41.935483870967744;94.95459034487502;39.81966691881855;39.81966691881855;0.15564250206723426;6281.891929112954;0.11599999999999999;116748.38709677418;-110466.49516766123
2024-12-30;-2.0;1.5;5.0;41.935483870967744;61.210942691250004;25.669104999556456;17.11273666637097;0.1520648524615876;3927.118412397115;0.11599999999999999;116748.38709677418;-112821.26868437706
2024-12-30;-2.0;1.0;5.0;41.935483870967744;49.294859714625005;20.672037944842746;20.672037944842746;0.15191529112959737;3167.7409352965205;0.11599999999999999;116748.38709677418;-113580.64616147766
