timestamp,total_called_mw,avg_price_eur_mwh
2024-02-01 00:00:00,48,93.47708333333333
2024-02-01 00:15:00,30,91.96333333333332
2024-02-01 00:30:00,53,93.71509433962264
2024-02-01 00:45:00,55,93.79818181818182
2024-02-01 01:00:00,31,92.0290322580645
2024-02-01 01:15:00,31,92.0290322580645
2024-02-01 01:30:00,31,92.0290322580645
2024-02-01 01:45:00,53,93.67735849056604
2024-02-01 02:00:00,50,93.538
2024-02-01 02:15:00,53,93.67735849056604
2024-02-01 02:30:00,31,92.0290322580645
2024-02-01 02:45:00,31,92.0290322580645
2024-02-01 07:30:00,54,104.59629629629627
2024-02-01 07:45:00,54,104.59629629629627
2024-02-01 08:00:00,60,100.0
2024-02-01 08:15:00,113,102.2553982300885
2024-02-01 08:30:00,113,102.2504424778761
2024-02-01 08:45:00,113,102.25415929203541
2024-02-01 09:00:00,117,97.95931623931624
2024-02-01 09:15:00,117,97.95931623931624
2024-02-01 09:30:00,117,97.95931623931624
2024-02-01 09:45:00,157,98.98878980891719
2024-02-01 10:00:00,143,96.43965034965034
2024-02-01 10:15:00,143,96.43965034965034
2024-02-01 10:30:00,143,96.43965034965034
2024-02-01 10:45:00,143,96.43965034965034
2024-02-01 11:00:00,140,94.18214285714286
2024-02-01 11:15:00,140,94.18214285714286
2024-02-01 11:30:00,140,94.18214285714286
2024-02-01 11:45:00,215,96.16279069767442
2024-02-01 12:00:00,210,94.18357142857143
2024-02-01 12:15:00,300,95.72016666666667
2024-02-01 12:30:00,300,95.72016666666667
2024-02-01 12:45:00,300,95.72016666666667
2024-02-01 13:00:00,200,93.46625
2024-02-01 13:15:00,200,93.46625
2024-02-01 13:30:00,149,92.92013422818792
2024-02-01 13:45:00,100,92.1375
2024-02-01 14:00:00,98,92.325
2024-02-01 18:45:00,108,104.9075925925926
2024-02-01 19:00:00,50,103.9
2024-02-01 19:15:00,50,103.9
2024-02-01 19:30:00,50,103.9
2024-02-01 19:45:00,150,104.63333333333334
2024-02-01 20:00:00,145,101.58351724137931
2024-02-01 20:15:00,145,101.5766896551724
2024-02-01 20:30:00,145,101.57896551724139
2024-02-01 20:45:00,145,101.57289655172414
2024-02-01 21:00:00,100,94.319
2024-02-01 21:15:00,100,94.319
2024-02-01 21:30:00,100,94.319
2024-02-01 21:45:00,100,94.319
2024-02-01 22:00:00,100,96.34629999999999
2024-02-01 22:15:00,43,93.9327906976744
2024-02-01 22:30:00,43,93.9327906976744
2024-02-01 22:45:00,43,93.9327906976744
2024-02-01 23:00:00,29,91.89310344827585
2024-02-02 02:15:00,40,58.6
2024-02-02 02:30:00,40,58.6
2024-02-02 02:45:00,40,58.6
2024-02-02 03:00:00,12,64.03
2024-02-02 03:15:00,52,61.39153846153847
2024-02-02 03:30:00,52,61.39153846153847
2024-02-02 03:45:00,52,61.39153846153847
2024-02-02 04:00:00,40,60.6
2024-02-02 04:15:00,86,59.2093023255814
2024-02-02 04:30:00,86,59.2093023255814
2024-02-02 04:45:00,86,59.2093023255814
2024-02-02 05:00:00,99,63.09000000000001
2024-02-02 05:15:00,99,63.09000000000001
2024-02-02 05:30:00,99,63.09000000000001
2024-02-02 05:45:00,99,63.09000000000001
2024-02-02 06:00:00,50,65.719
2024-02-02 08:15:00,50,97.4
2024-02-02 08:30:00,50,97.4
2024-02-02 08:45:00,50,97.4
2024-02-02 09:00:00,46,91.0
2024-02-02 09:15:00,46,91.0
2024-02-02 09:30:00,46,91.0
2024-02-02 09:45:00,119,92.6089075630252
2024-02-02 10:00:00,92,92.21739130434783
2024-02-02 10:15:00,203,95.64285714285714
2024-02-02 10:30:00,203,95.64285714285714
2024-02-02 10:45:00,203,95.64285714285714
2024-02-02 11:00:00,124,93.23596774193548
2024-02-02 11:15:00,124,93.21983870967742
2024-02-02 11:30:00,124,93.21983870967742
2024-02-02 11:45:00,124,93.21983870967742
2024-02-02 12:00:00,119,92.96907563025209
2024-02-02 12:15:00,129,92.97147286821705
2024-02-02 12:30:00,129,92.97147286821705
2024-02-02 12:45:00,124,93.05096774193548
2024-02-02 15:00:00,59,89.18813559322035
2024-02-02 15:15:00,59,89.18813559322035
2024-02-02 15:30:00,59,89.18813559322035
2024-02-02 15:45:00,59,89.18813559322035
2024-02-02 16:00:00,26,90.0
2024-02-02 17:30:00,50,72.27199999999999
2024-02-02 17:45:00,50,72.27199999999999
2024-02-02 18:00:00,60,71.58083333333335
2024-02-02 18:15:00,60,71.58083333333335
2024-02-02 18:30:00,60,71.58083333333335
2024-02-02 19:00:00,50,95.0
2024-02-02 19:15:00,50,95.0
2024-02-02 19:30:00,50,95.0
2024-02-02 19:45:00,50,95.0
2024-02-02 20:00:00,52,95.88000000000001
2024-02-02 20:15:00,52,95.87038461538462
2024-02-02 20:30:00,52,95.87038461538462
2024-02-02 20:45:00,52,95.87038461538462
2024-02-02 21:00:00,50,90.53200000000001
2024-02-02 21:15:00,50,90.53200000000001
2024-02-02 21:30:00,50,90.53200000000001
2024-02-02 21:45:00,50,90.53200000000001
2024-02-02 22:00:00,50,90.53200000000001
2024-02-02 22:15:00,50,90.53200000000001
2024-02-02 22:30:00,50,90.53200000000001
2024-02-02 22:45:00,50,90.53200000000001
2024-02-02 23:00:00,50,89.48
2024-02-02 23:15:00,50,89.48
2024-02-02 23:30:00,90,90.03666666666666
2024-02-02 23:45:00,90,90.03666666666666
2024-02-03 00:00:00,50,89.456
2024-02-03 00:15:00,50,89.456
2024-02-03 00:30:00,50,89.456
2024-02-03 00:45:00,50,89.456
2024-02-03 01:00:00,50,89.58
2024-02-03 01:15:00,50,89.58
2024-02-03 01:30:00,50,89.58
2024-02-03 03:00:00,40,92.27250000000001
2024-02-03 07:00:00,40,85.99
2024-02-03 07:15:00,70,87.93714285714286
2024-02-03 07:30:00,40,85.99
2024-02-03 07:45:00,40,85.99
2024-02-03 08:00:00,70,89.34771428571429
2024-02-03 08:15:00,117,91.03709401709402
2024-02-03 08:30:00,50,88.6868
2024-02-03 08:45:00,50,88.6868
2024-02-03 09:45:00,77,58.66233766233766
2024-02-03 10:00:00,60,61.833333333333336
2024-02-03 10:15:00,112,59.169642857142854
2024-02-03 10:30:00,107,57.63551401869159
2024-02-03 10:45:00,153,56.24183006535948
2024-02-03 11:00:00,149,44.08845637583893
2024-02-03 11:15:00,253,34.09913043478261
2024-02-03 11:30:00,246,34.50032520325203
2024-02-03 11:45:00,246,33.57959349593496
2024-02-03 12:00:00,351,-23.264900284900285
2024-02-03 12:15:00,353,-54.57322946175637
2024-02-03 12:30:00,302,0.6419205298013245
2024-02-03 12:45:00,302,-3.560596026490066
2024-02-03 13:00:00,308,7.360681818181819
2024-02-03 13:15:00,354,2.5327401129943503
2024-02-03 13:30:00,306,7.445196078431373
2024-02-03 13:45:00,351,2.317094017094017
2024-02-03 14:00:00,357,-4.315266106442577
2024-02-03 14:15:00,341,-1.4743401759530792
2024-02-03 14:30:00,348,-1.7622126436781609
2024-02-03 14:45:00,380,-5.675131578947369
2024-02-03 15:00:00,202,43.08683168316832
2024-02-03 15:15:00,209,42.68794258373205
2024-02-03 15:30:00,249,40.36843373493976
2024-02-03 15:45:00,249,40.37759036144578
2024-02-03 16:00:00,252,57.54126984126984
2024-02-03 16:15:00,207,59.23913043478261
2024-02-03 16:30:00,162,60.4929012345679
2024-02-03 16:45:00,162,60.489506172839505
2024-02-03 17:00:00,157,61.85955414012739
2024-02-03 17:15:00,139,62.13741007194245
2024-02-03 17:30:00,75,63.34799999999999
2024-02-03 20:15:00,77,62.599999999999994
2024-02-03 20:30:00,77,62.599999999999994
2024-02-03 20:45:00,77,62.599999999999994
2024-02-03 21:00:00,80,63.65
2024-02-03 21:15:00,70,63.51
2024-02-03 21:30:00,70,63.51
2024-02-03 21:45:00,70,63.51
2024-02-03 22:00:00,70,65.1
2024-02-03 22:15:00,70,63.51
2024-02-03 22:30:00,70,63.51
2024-02-03 22:45:00,70,63.51
2024-02-04 01:15:00,91,60.027472527472526
2024-02-04 01:30:00,91,60.027472527472526
2024-02-04 01:45:00,91,60.027472527472526
2024-02-04 02:00:00,76,54.21052631578947
2024-02-04 02:15:00,76,54.21052631578947
2024-02-04 02:30:00,76,54.21052631578947
2024-02-04 02:45:00,76,54.21052631578947
2024-02-04 03:00:00,142,45.15915492957747
2024-02-04 03:15:00,142,45.15915492957747
2024-02-04 03:30:00,142,45.15915492957747
2024-02-04 03:45:00,142,45.15915492957747
2024-02-04 04:00:00,106,41.62830188679246
2024-02-04 04:15:00,111,41.33873873873874
2024-02-04 04:30:00,111,41.33873873873874
2024-02-04 04:45:00,111,41.33873873873874
2024-02-04 05:00:00,142,45.15915492957747
2024-02-04 05:15:00,142,45.15915492957747
2024-02-04 05:30:00,142,45.15915492957747
2024-02-04 05:45:00,142,45.15915492957747
2024-02-04 06:00:00,56,52.982142857142854
2024-02-04 06:15:00,56,52.982142857142854
2024-02-04 06:30:00,56,52.982142857142854
2024-02-04 06:45:00,56,52.982142857142854
2024-02-04 07:00:00,53,61.179245283018865
2024-02-04 07:15:00,53,61.179245283018865
2024-02-04 07:30:00,53,61.179245283018865
2024-02-04 07:45:00,53,61.179245283018865
2024-02-04 08:00:00,46,56.80434782608695
2024-02-04 08:15:00,49,56.755102040816325
2024-02-04 08:30:00,46,56.80434782608695
2024-02-04 08:45:00,44,56.84090909090909
2024-02-04 09:00:00,51,49.1764705882353
2024-02-04 09:15:00,46,49.630434782608695
2024-02-04 09:30:00,51,47.92156862745098
2024-02-04 09:45:00,54,46.85925925925926
2024-02-04 10:00:00,50,17.025
2024-02-04 10:15:00,50,17.025
2024-02-04 10:30:00,50,17.025
2024-02-04 10:45:00,151,-2.629470198675497
2024-02-04 11:00:00,148,-24.27601351351351
2024-02-04 11:15:00,263,-322.1762357414448
2024-02-04 11:30:00,265,-319.7824528301887
2024-02-04 11:45:00,266,-318.599060150376
2024-02-04 12:00:00,251,-71.87199203187251
2024-02-04 12:15:00,242,-72.7154132231405
2024-02-04 12:30:00,250,-68.55252
2024-02-04 12:45:00,311,-150.1079421221865
2024-02-04 13:00:00,302,-61.517483443708606
2024-02-04 13:15:00,302,-67.57086092715232
2024-02-04 13:30:00,145,-34.32896551724138
2024-02-04 13:45:00,155,-37.372258064516124
2024-02-04 14:00:00,200,-24.7615
2024-02-04 14:15:00,201,-25.750248756218905
2024-02-04 14:30:00,205,-23.30390243902439
2024-02-04 14:45:00,195,-16.665641025641026
2024-02-04 15:00:00,198,12.203535353535354
2024-02-04 15:15:00,196,14.17015306122449
2024-02-04 15:30:00,204,17.5
2024-02-04 15:45:00,199,18.015075376884422
2024-02-04 16:00:00,100,46.96
2024-02-04 16:15:00,100,46.96
2024-02-04 16:30:00,200,42.13
2024-02-04 16:45:00,204,39.605490196078435
2024-02-04 17:00:00,195,68.22025641025641
2024-02-04 17:15:00,100,71.0
2024-02-04 17:30:00,100,75.0
2024-02-04 17:45:00,100,75.0
2024-02-04 18:00:00,100,88.0
2024-02-04 18:15:00,100,88.0
2024-02-04 18:45:00,32,95.05625
2024-02-04 19:00:00,32,95.05625
2024-02-04 19:15:00,107,97.77383177570093
2024-02-04 19:30:00,107,97.77383177570093
2024-02-04 19:45:00,32,95.05625
2024-02-04 20:00:00,50,93.934
2024-02-04 23:15:00,40,70.1
2024-02-04 23:30:00,40,70.1
2024-02-04 23:45:00,40,70.1
2024-02-05 00:00:00,85,54.65
2024-02-05 00:15:00,105,54.14523809523809
2024-02-05 00:30:00,105,54.14523809523809
2024-02-05 00:45:00,105,54.14523809523809
2024-02-05 01:00:00,95,54.22315789473684
2024-02-05 01:15:00,95,54.22315789473684
2024-02-05 01:30:00,95,54.22315789473684
2024-02-05 01:45:00,95,54.22315789473684
2024-02-05 02:00:00,100,51.9805
2024-02-05 02:15:00,100,51.9805
2024-02-05 02:30:00,100,51.9805
2024-02-05 02:45:00,100,51.9805
2024-02-05 03:00:00,40,54.46875
2024-02-05 03:15:00,40,54.46875
2024-02-05 03:30:00,40,54.46875
2024-02-05 03:45:00,40,54.46875
2024-02-05 04:00:00,40,54.575
2024-02-05 04:15:00,40,54.575
2024-02-05 04:30:00,40,54.575
2024-02-05 04:45:00,40,54.575
2024-02-05 05:00:00,46,60.0
2024-02-05 05:15:00,46,60.0
2024-02-05 05:30:00,46,60.0
2024-02-05 05:45:00,46,60.0
2024-02-05 06:00:00,46,60.0
2024-02-05 07:15:00,48,96.71666666666665
2024-02-05 09:00:00,75,99.0
2024-02-05 09:15:00,75,99.0
2024-02-05 09:30:00,75,99.0
2024-02-05 10:15:00,50,55.36
2024-02-05 10:30:00,50,55.33
2024-02-05 10:45:00,50,55.29
2024-02-05 11:00:00,51,57.24313725490196
2024-02-05 11:15:00,51,57.24313725490196
2024-02-05 11:30:00,51,57.24313725490196
2024-02-05 11:45:00,51,57.24313725490196
2024-02-05 12:00:00,113,58.88495575221239
2024-02-05 12:15:00,98,56.01887755102041
2024-02-05 12:30:00,99,56.02878787878788
2024-02-05 12:45:00,98,56.01887755102041
2024-02-05 13:00:00,52,51.44230769230769
2024-02-05 13:15:00,53,51.41509433962264
2024-02-05 13:30:00,51,51.470588235294116
2024-02-05 13:45:00,52,50.28846153846154
2024-02-05 14:00:00,57,53.63157894736842
2024-02-05 14:15:00,57,53.63157894736842
2024-02-05 14:30:00,57,53.63157894736842
2024-02-05 14:45:00,57,53.63157894736842
2024-02-05 15:00:00,59,55.46186440677966
2024-02-05 15:15:00,59,55.46186440677966
2024-02-05 15:30:00,44,55.61931818181818
2024-02-05 15:45:00,59,55.46186440677966
2024-02-05 16:00:00,50,77.5
2024-02-06 05:30:00,90,56.983333333333334
2024-02-06 05:45:00,100,56.871
2024-02-06 06:00:00,95,56.78421052631579
2024-02-06 06:15:00,95,56.78421052631579
2024-02-06 06:30:00,105,57.67523809523809
2024-02-06 06:45:00,105,57.67333333333333
2024-02-06 07:00:00,98,58.375
2024-02-06 11:45:00,100,55.98
2024-02-06 12:00:00,100,57.368
2024-02-06 12:15:00,100,55.99
2024-02-06 12:30:00,100,55.99
2024-02-06 12:45:00,100,55.99
2024-02-06 13:00:00,104,55.49519230769231
2024-02-06 13:15:00,104,55.49519230769231
2024-02-06 13:30:00,92,56.71195652173913
2024-02-06 13:45:00,45,59.3
2024-02-06 14:45:00,35,55.0
2024-02-06 15:00:00,45,59.3
2024-02-06 15:15:00,45,59.3
2024-02-06 15:30:00,45,59.3
2024-02-06 15:45:00,45,59.3
2024-02-06 16:00:00,50,60.09
2024-02-06 16:15:00,50,60.09
2024-02-06 16:30:00,29,65.26344827586206
2024-02-06 16:45:00,29,65.26344827586206
2024-02-06 17:00:00,35,64.28
2024-02-06 17:15:00,35,64.27428571428571
2024-02-06 17:30:00,50,63.468999999999994
2024-02-06 17:45:00,50,63.523
2024-02-07 07:15:00,50,91.5424
2024-02-07 07:30:00,50,91.54439999999998
2024-02-07 07:45:00,50,91.5414
2024-02-07 08:00:00,50,94.95700000000001
2024-02-07 08:30:00,50,68.26899999999999
2024-02-07 08:45:00,50,68.269
2024-02-07 09:00:00,30,68.395
2024-02-07 09:15:00,30,68.375
2024-02-07 09:30:00,30,68.38333333333334
2024-02-07 09:45:00,30,68.36666666666666
2024-02-07 14:00:00,398,100.5158040201005
2024-02-07 14:15:00,398,100.5158040201005
2024-02-07 14:30:00,398,100.5158040201005
2024-02-07 14:45:00,341,99.73052785923754
2024-02-07 15:00:00,31,86.0
2024-02-07 15:15:00,100,79.911
2024-02-07 15:30:00,100,79.911
2024-02-07 15:45:00,100,79.911
2024-02-07 16:00:00,65,73.99076923076923
2024-02-07 16:15:00,65,73.99538461538461
2024-02-07 16:30:00,65,73.99692307692308
2024-02-07 17:00:00,80,92.0
2024-02-07 17:15:00,80,92.0
2024-02-07 17:30:00,80,92.0
2024-02-07 17:45:00,80,92.0
2024-02-07 18:00:00,85,89.3529411764706
2024-02-07 18:15:00,40,91.0
2024-02-07 21:45:00,100,76.9997
2024-02-07 22:45:00,95,62.765263157894736
2024-02-07 23:00:00,40,90.0685
2024-02-07 23:15:00,40,90.067
2024-02-07 23:30:00,30,63.13
2024-02-07 23:45:00,143,58.84475524475524
2024-02-08 00:00:00,73,58.726027397260275
2024-02-08 00:15:00,73,58.726027397260275
2024-02-08 00:45:00,73,58.726027397260275
2024-02-08 13:30:00,40,98.3
2024-02-08 13:45:00,50,71.58
2024-02-08 14:00:00,40,98.3
2024-02-08 14:15:00,50,77.02600000000001
2024-02-08 14:30:00,100,72.553
2024-02-08 14:45:00,140,69.17357142857142
2024-02-08 15:00:00,150,72.134
2024-02-08 15:15:00,150,72.13133333333334
2024-02-08 15:30:00,200,69.3435
2024-02-08 15:45:00,263,66.61825095057034
2024-02-08 16:00:00,150,81.53333333333333
2024-02-08 16:15:00,150,81.53333333333333
2024-02-08 16:30:00,150,81.53333333333333
2024-02-08 16:45:00,100,81.8
2024-02-08 17:00:00,100,84.4
2024-02-08 17:15:00,100,84.4
2024-02-08 17:30:00,100,84.4
2024-02-08 17:45:00,100,84.4
2024-02-08 18:30:00,50,82.4
2024-02-08 18:45:00,50,82.4
2024-02-08 19:00:00,45,82.22222222222223
2024-02-08 19:15:00,45,82.22222222222223
2024-02-08 19:45:00,45,82.22222222222223
2024-02-08 20:00:00,50,74.41
2024-02-08 20:15:00,50,74.41
2024-02-08 20:30:00,50,74.41
2024-02-08 20:45:00,50,74.41
2024-02-08 21:00:00,45,69.09555555555555
2024-02-08 21:15:00,45,69.09555555555555
2024-02-08 21:30:00,35,70.66
2024-02-08 21:45:00,35,70.66
2024-02-08 22:00:00,10,70.0
2024-02-08 22:15:00,140,65.80678571428571
2024-02-08 22:30:00,150,65.451
2024-02-08 22:45:00,110,66.36363636363636
2024-02-08 23:00:00,100,66.0
2024-02-08 23:15:00,100,66.0
2024-02-08 23:30:00,100,66.0
2024-02-08 23:45:00,140,65.0
2024-02-09 00:00:00,150,60.374
2024-02-09 00:15:00,207,57.747826086956515
2024-02-09 00:30:00,105,61.51428571428571
2024-02-09 00:45:00,105,61.51428571428571
2024-02-09 01:00:00,95,60.97894736842105
2024-02-09 01:15:00,95,60.97894736842105
2024-02-09 01:30:00,95,60.97894736842105
2024-02-09 01:45:00,95,60.97894736842105
2024-02-09 02:00:00,95,60.97894736842105
2024-02-09 02:15:00,145,59.675862068965515
2024-02-09 02:30:00,145,59.675862068965515
2024-02-09 02:45:00,95,60.97894736842105
2024-02-09 03:00:00,95,60.97894736842105
2024-02-09 03:15:00,95,60.97894736842105
2024-02-09 03:30:00,95,60.97894736842105
2024-02-09 03:45:00,95,60.97894736842105
2024-02-09 04:00:00,90,62.455555555555556
2024-02-09 04:15:00,150,60.906666666666666
2024-02-09 04:30:00,140,61.114285714285714
2024-02-09 04:45:00,140,61.114285714285714
2024-02-09 05:00:00,138,61.07101449275362
2024-02-09 05:15:00,138,61.07101449275362
2024-02-09 05:30:00,138,61.07101449275362
2024-02-09 05:45:00,138,61.07101449275362
2024-02-09 06:00:00,150,59.60333333333333
2024-02-09 06:15:00,150,59.60333333333333
2024-02-09 06:30:00,150,60.01800000000001
2024-02-09 06:45:00,140,60.42428571428571
2024-02-09 07:00:00,137,67.6551094890511
2024-02-09 07:15:00,137,67.6551094890511
2024-02-09 07:30:00,152,67.50164473684211
2024-02-09 07:45:00,162,67.63240740740741
2024-02-09 08:00:00,141,71.18262411347517
2024-02-09 08:15:00,45,74.53333333333333
2024-02-09 08:30:00,45,74.53333333333333
2024-02-09 08:45:00,45,74.53333333333333
2024-02-09 09:00:00,55,73.36363636363636
2024-02-09 09:15:00,49,73.53061224489795
2024-02-09 09:30:00,56,73.33928571428571
2024-02-09 09:45:00,54,73.38888888888889
2024-02-09 10:00:00,40,73.875
2024-02-09 10:15:00,40,73.875
2024-02-09 10:30:00,40,73.875
2024-02-09 10:45:00,40,73.875
2024-02-09 11:00:00,40,73.875
2024-02-09 11:15:00,40,73.875
2024-02-09 11:30:00,40,73.875
2024-02-09 11:45:00,40,73.875
2024-02-09 12:00:00,40,72.0
2024-02-09 12:15:00,30,95.0
2024-02-09 12:30:00,118,97.5293220338983
2024-02-09 12:45:00,118,97.53745762711864
2024-02-09 13:00:00,130,96.84615384615384
2024-02-09 13:15:00,130,96.84615384615384
2024-02-09 13:30:00,130,96.84615384615384
2024-02-09 13:45:00,130,96.84615384615384
2024-02-09 14:00:00,120,96.91666666666667
2024-02-09 14:15:00,100,96.5
2024-02-09 14:30:00,100,96.5
2024-02-09 14:45:00,100,96.5
2024-02-09 15:00:00,90,96.88888888888889
2024-02-09 15:15:00,100,97.0
2024-02-09 15:45:00,50,63.27
2024-02-09 16:15:00,48,75.78958333333333
2024-02-09 16:30:00,95,68.85263157894737
2024-02-09 16:45:00,150,65.13333333333334
2024-02-09 17:00:00,121,85.0
2024-02-09 17:15:00,127,85.0
2024-02-09 17:30:00,50,85.0
2024-02-09 17:45:00,96,85.0
2024-02-09 18:30:00,50,94.99
2024-02-09 20:15:00,50,60.842
2024-02-09 20:30:00,50,60.0
2024-02-09 20:45:00,50,60.0
2024-02-09 21:00:00,50,61.836000000000006
2024-02-09 21:15:00,50,61.836000000000006
2024-02-09 22:15:00,50,61.6
2024-02-09 22:30:00,50,61.6
2024-02-10 01:15:00,45,56.22222222222222
2024-02-10 03:15:00,51,59.074509803921565
2024-02-10 03:30:00,50,59.07
2024-02-10 07:30:00,40,63.0
2024-02-10 07:45:00,40,63.0
2024-02-10 11:00:00,290,84.6948275862069
2024-02-10 11:15:00,300,85.33833333333334
2024-02-10 12:00:00,301,56.45295681063123
2024-02-10 12:15:00,300,56.44346666666667
2024-02-10 12:30:00,447,49.958143176733785
2024-02-10 12:45:00,445,49.91615730337078
2024-02-10 13:00:00,147,57.871428571428574
2024-02-10 13:15:00,145,57.851724137931036
2024-02-10 18:30:00,50,91.1986
2024-02-10 18:45:00,50,91.1986
2024-02-10 19:00:00,50,85.42
2024-02-10 19:15:00,50,85.42
2024-02-10 19:30:00,50,85.42
2024-02-10 19:45:00,50,85.42
2024-02-10 20:15:00,45,63.96333333333333
2024-02-10 20:30:00,92,61.580978260869564
2024-02-10 20:45:00,145,60.04724137931035
2024-02-10 21:15:00,50,57.2
2024-02-10 21:30:00,100,51.678900000000006
2024-02-10 21:45:00,160,46.4630625
2024-02-10 22:00:00,53,84.12433962264151
2024-02-10 22:30:00,111,59.52972972972972
2024-02-10 22:45:00,100,59.885
2024-02-10 23:45:00,40,59.0
2024-02-11 00:00:00,45,46.370000000000005
2024-02-11 00:15:00,45,46.370000000000005
2024-02-11 00:30:00,45,46.370000000000005
2024-02-11 01:30:00,43,74.0
2024-02-11 01:45:00,44,74.0
2024-02-11 02:00:00,40,72.0
2024-02-11 02:15:00,40,72.0
2024-02-11 02:30:00,40,72.0
2024-02-11 02:45:00,40,72.0
2024-02-11 03:00:00,50,73.76
2024-02-11 03:15:00,50,73.76
2024-02-11 04:00:00,50,73.76
2024-02-11 04:15:00,50,73.76
2024-02-11 04:30:00,50,73.76
2024-02-11 04:45:00,50,73.76
2024-02-11 05:00:00,40,72.0
2024-02-11 05:15:00,40,72.0
2024-02-11 11:45:00,100,44.345
2024-02-11 12:00:00,98,50.79795918367347
2024-02-11 12:15:00,96,50.737500000000004
2024-02-11 12:30:00,96,50.729687500000004
2024-02-11 12:45:00,110,50.06045454545454
2024-02-11 13:00:00,95,47.381052631578946
2024-02-11 13:15:00,95,47.387368421052635
2024-02-11 13:30:00,95,47.37947368421053
2024-02-11 13:45:00,95,47.385789473684206
2024-02-11 14:00:00,95,46.91894736842105
2024-02-11 14:15:00,95,46.92368421052632
2024-02-11 14:30:00,95,46.91263157894737
2024-02-11 14:45:00,95,46.91894736842105
2024-02-11 15:00:00,110,48.183181818181815
2024-02-11 15:15:00,85,49.00176470588235
2024-02-11 15:30:00,90,50.66833333333333
2024-02-11 15:45:00,153,49.942156862745094
2024-02-11 16:00:00,159,54.148930817610065
2024-02-11 16:15:00,149,54.42255033557047
2024-02-11 16:30:00,149,54.431409395973155
2024-02-11 16:45:00,149,54.42818791946309
2024-02-11 17:00:00,146,58.865753424657534
2024-02-11 18:30:00,57,93.5840350877193
2024-02-11 18:45:00,57,93.5840350877193
2024-02-11 19:00:00,33,90.2009090909091
2024-02-11 19:15:00,33,90.2009090909091
2024-02-11 19:30:00,33,90.2009090909091
2024-02-11 19:45:00,73,91.18671232876713
2024-02-11 20:00:00,89,89.71516853932584
2024-02-11 20:15:00,91,89.72142857142856
2024-02-11 20:30:00,100,89.7465
2024-02-11 20:45:00,101,89.74900990099009
2024-02-11 21:00:00,50,87.4262
2024-02-11 21:45:00,96,60.453854166666666
2024-02-11 22:00:00,100,58.4965
2024-02-11 22:15:00,100,58.4735
2024-02-11 22:30:00,98,58.45102040816327
2024-02-11 22:45:00,45,59.0
2024-02-11 23:00:00,51,55.0
2024-02-11 23:15:00,49,55.0
2024-02-11 23:30:00,47,55.0
2024-02-11 23:45:00,45,55.0
2024-02-12 00:00:00,45,59.0
2024-02-12 00:15:00,45,59.0
2024-02-12 00:30:00,45,59.0
2024-02-12 00:45:00,45,59.0
2024-02-12 01:00:00,97,56.63958762886598
2024-02-12 01:15:00,97,56.63958762886598
2024-02-12 01:30:00,150,52.385866666666665
2024-02-12 01:45:00,170,50.964
2024-02-12 02:00:00,50,48.102
2024-02-12 02:15:00,70,46.07285714285714
2024-02-12 02:30:00,149,39.42751677852349
2024-02-12 02:45:00,213,34.3112676056338
2024-02-12 03:00:00,35,45.25714285714286
2024-02-12 03:15:00,99,38.23838383838384
2024-02-12 03:30:00,119,37.1983193277311
2024-02-12 03:45:00,119,37.1983193277311
2024-02-12 04:00:00,97,56.52824742268041
2024-02-12 04:15:00,99,56.57818181818182
2024-02-12 04:30:00,133,53.79533834586466
2024-02-12 04:45:00,135,53.87244444444444
2024-02-12 10:15:00,58,77.10775862068965
2024-02-12 10:30:00,58,77.10775862068965
2024-02-12 10:45:00,57,77.10964912280701
2024-02-12 11:00:00,73,64.09671232876713
2024-02-12 11:15:00,73,64.09671232876711
2024-02-12 11:30:00,158,61.35481012658227
2024-02-12 11:45:00,158,61.338987341772146
2024-02-12 12:15:00,3,66.51
2024-02-12 17:30:00,90,79.89555555555556
2024-02-12 17:45:00,90,79.89555555555556
2024-02-12 21:15:00,65,64.25384615384615
2024-02-12 21:30:00,65,64.25384615384615
2024-02-12 21:45:00,65,64.25384615384615
2024-02-12 22:00:00,47,63.384255319148934
2024-02-12 22:15:00,47,63.384255319148934
2024-02-12 22:30:00,47,63.384255319148934
2024-02-12 22:45:00,47,63.384255319148934
2024-02-12 23:00:00,50,59.2
2024-02-12 23:15:00,40,60.0
2024-02-12 23:30:00,40,60.0
2024-02-12 23:45:00,40,60.0
2024-02-13 00:00:00,120,59.43333333333333
2024-02-13 00:15:00,120,59.43333333333333
2024-02-13 00:30:00,120,59.43333333333333
2024-02-13 00:45:00,50,60.53
2024-02-13 01:00:00,50,60.244
2024-02-13 01:15:00,50,60.244
2024-02-13 06:45:00,50,82.04
2024-02-13 07:45:00,60,93.7
2024-02-13 08:00:00,102,94.71960784313725
2024-02-13 08:15:00,102,94.71960784313725
2024-02-13 08:30:00,60,92.5
2024-02-13 08:45:00,50,69.599
2024-02-13 09:30:00,135,65.57037037037037
2024-02-13 09:45:00,184,64.12771739130434
2024-02-13 10:00:00,205,60.451219512195124
2024-02-13 10:15:00,265,58.34
2024-02-13 10:30:00,275,58.036727272727276
2024-02-13 10:45:00,265,57.773962264150946
2024-02-13 11:00:00,255,49.119019607843136
2024-02-13 11:15:00,300,43.58566666666667
2024-02-13 11:30:00,300,43.58566666666667
2024-02-13 11:45:00,295,44.07016949152543
2024-02-13 12:00:00,321,44.07788161993769
2024-02-13 12:15:00,338,38.87825443786982
2024-02-13 12:30:00,230,47.74782608695652
2024-02-13 12:45:00,230,47.74782608695652
2024-02-13 13:00:00,319,38.225705329153605
2024-02-13 13:15:00,349,39.2378223495702
2024-02-13 13:30:00,321,35.50965732087228
2024-02-13 13:45:00,290,45.02758620689655
2024-02-13 14:00:00,334,38.27245508982036
2024-02-13 14:15:00,310,44.770967741935486
2024-02-13 14:30:00,320,45.71875
2024-02-13 14:45:00,285,49.280701754385966
2024-02-13 15:00:00,245,49.157346938775504
2024-02-13 15:15:00,245,49.157346938775504
2024-02-13 15:30:00,245,49.157346938775504
2024-02-13 15:45:00,250,48.7842
2024-02-13 16:00:00,150,64.225
2024-02-13 16:15:00,150,64.225
2024-02-13 16:30:00,150,64.225
2024-02-13 16:45:00,150,64.225
2024-02-13 17:00:00,120,72.47858333333333
2024-02-13 17:15:00,120,72.47858333333333
2024-02-13 17:30:00,80,73.946875
2024-02-13 17:45:00,80,73.946875
2024-02-14 00:00:00,42,57.0
2024-02-14 00:15:00,42,57.0
2024-02-14 03:15:00,55,52.336363636363636
2024-02-14 03:30:00,55,52.336363636363636
2024-02-14 03:45:00,55,52.336363636363636
2024-02-14 04:00:00,80,50.04375
2024-02-14 04:15:00,80,50.04375
2024-02-14 04:30:00,80,50.04375
2024-02-14 04:45:00,80,50.04375
2024-02-14 05:00:00,87,54.05172413793103
2024-02-14 05:15:00,87,54.05172413793103
2024-02-14 05:30:00,87,54.05172413793103
2024-02-14 05:45:00,87,54.05172413793103
2024-02-14 06:00:00,69,60.80898550724637
2024-02-14 06:15:00,69,60.80898550724637
2024-02-14 11:15:00,67,57.87313432835821
2024-02-14 11:30:00,132,54.95454545454545
2024-02-14 11:45:00,172,54.104651162790695
2024-02-14 12:00:00,101,57.584158415841586
2024-02-14 12:15:00,127,56.25196850393701
2024-02-14 13:15:00,53,57.20754716981132
2024-02-14 13:30:00,42,57.0
2024-02-14 14:15:00,174,89.00373563218392
2024-02-14 14:30:00,277,91.58880866425993
2024-02-14 14:45:00,277,91.58682310469314
2024-02-14 15:00:00,180,86.40805555555556
2024-02-14 15:15:00,100,83.7
2024-02-14 15:30:00,100,83.7
2024-02-14 15:45:00,53,82.02452830188679
2024-02-14 16:00:00,111,87.56711711711712
2024-02-14 16:15:00,111,87.56306306306307
2024-02-14 16:30:00,30,84.61
2024-02-14 16:45:00,30,84.61
2024-02-14 17:00:00,25,93.406
2024-02-14 17:15:00,115,101.28652173913044
2024-02-14 17:30:00,148,117.73040540540539
2024-02-14 17:45:00,200,130.78275
2024-02-14 18:00:00,280,102.48928571428571
2024-02-14 18:15:00,65,93.58461538461539
2024-02-14 19:15:00,67,91.35149253731343
2024-02-14 20:45:00,93,60.53870967741936
2024-02-14 23:30:00,65,72.46923076923076
2024-02-14 23:45:00,65,72.46923076923076
2024-02-15 00:00:00,69,62.26956521739131
2024-02-15 00:30:00,69,62.26956521739131
2024-02-15 00:45:00,69,62.26956521739131
2024-02-15 01:00:00,68,63.18529411764706
2024-02-15 01:45:00,40,57.0
2024-02-15 02:00:00,40,57.0
2024-02-15 02:15:00,40,57.0
2024-02-15 06:15:00,50,45.6894
2024-02-15 06:30:00,50,45.6894
2024-02-15 06:45:00,50,45.6894
2024-02-15 07:00:00,86,90.75627906976744
2024-02-15 07:15:00,86,90.75627906976744
2024-02-15 07:30:00,86,90.75627906976744
2024-02-15 07:45:00,86,90.75627906976746
2024-02-15 08:00:00,55,89.2890909090909
2024-02-15 08:15:00,55,89.2890909090909
2024-02-15 08:30:00,55,89.2890909090909
2024-02-15 08:45:00,53,69.65245283018868
2024-02-15 09:00:00,48,61.10104166666667
2024-02-15 09:15:00,100,58.511900000000004
2024-02-15 09:30:00,100,58.511900000000004
2024-02-15 09:45:00,151,57.124569536423834
2024-02-15 10:00:00,151,52.13344370860927
2024-02-15 10:15:00,151,52.13344370860927
2024-02-15 10:30:00,151,52.13344370860927
2024-02-15 10:45:00,226,50.84137168141593
2024-02-15 11:00:00,263,24.444486692015207
2024-02-15 11:15:00,327,13.98440366972477
2024-02-15 11:30:00,327,13.98440366972477
2024-02-15 11:45:00,322,13.96863354037267
2024-02-15 12:00:00,149,48.31946308724832
2024-02-15 12:15:00,108,49.111111111111114
2024-02-15 12:45:00,50,49.88
2024-02-15 13:00:00,150,49.306666666666665
2024-02-15 13:15:00,150,49.32
2024-02-15 13:30:00,50,50.44
2024-02-15 13:45:00,50,50.44
2024-02-15 14:00:00,65,53.36923076923077
2024-02-15 14:15:00,65,53.36923076923077
2024-02-15 14:30:00,65,53.36923076923077
2024-02-15 15:15:00,50,78.45
2024-02-15 15:30:00,50,78.45
2024-02-15 15:45:00,50,78.45
2024-02-15 16:00:00,50,83.90360000000001
2024-02-15 16:15:00,99,85.25080808080808
2024-02-15 16:30:00,99,85.25080808080808
2024-02-15 16:45:00,99,85.25080808080808
2024-02-15 17:00:00,100,90.4181
2024-02-15 17:15:00,100,90.4181
2024-02-15 17:30:00,61,89.59245901639345
2024-02-15 17:45:00,61,89.59245901639345
2024-02-15 18:30:00,36,69.97222222222223
2024-02-15 18:45:00,36,69.97222222222223
2024-02-15 19:00:00,50,66.4492
2024-02-15 19:15:00,50,66.4492
2024-02-15 19:30:00,50,66.4492
2024-02-15 19:45:00,50,66.4492
2024-02-15 20:00:00,50,53.55
2024-02-15 20:15:00,50,53.55
2024-02-15 20:30:00,50,53.53
2024-02-15 20:45:00,50,53.53
2024-02-15 21:00:00,45,53.63333333333333
2024-02-15 21:15:00,45,53.63333333333333
2024-02-16 00:15:00,40,55.0
2024-02-16 00:30:00,40,55.0
2024-02-16 00:45:00,50,53.4
2024-02-16 01:00:00,40,55.0
2024-02-16 01:15:00,40,55.0
2024-02-16 01:45:00,50,53.4
2024-02-16 02:00:00,50,54.0
2024-02-16 02:15:00,50,54.0
2024-02-16 02:30:00,50,54.0
2024-02-16 02:45:00,50,54.0
2024-02-16 03:00:00,40,55.0
2024-02-16 04:00:00,55,52.81818181818182
2024-02-16 04:15:00,82,50.90243902439025
2024-02-16 04:30:00,65,51.92307692307692
2024-02-16 04:45:00,80,51.0
2024-02-16 05:00:00,82,50.90243902439025
2024-02-16 07:00:00,100,55.205
2024-02-16 07:15:00,100,55.205
2024-02-16 08:45:00,50,55.54559999999999
2024-02-16 09:00:00,50,53.4
2024-02-16 09:15:00,50,53.4
2024-02-16 09:30:00,50,53.4
2024-02-16 09:45:00,97,50.29896907216495
2024-02-16 10:00:00,84,56.04761904761905
2024-02-16 10:15:00,84,56.04761904761905
2024-02-16 10:30:00,84,56.04761904761905
2024-02-16 10:45:00,100,54.6
2024-02-16 11:00:00,82,48.951219512195124
2024-02-16 11:15:00,82,48.951219512195124
2024-02-16 11:30:00,50,50.2
2024-02-16 11:45:00,50,50.2
2024-02-16 12:00:00,50,77.0774
2024-02-16 12:15:00,100,78.2243
2024-02-16 12:30:00,147,79.0938775510204
2024-02-16 12:45:00,100,78.2273
2024-02-16 13:00:00,100,77.9975
2024-02-16 13:15:00,100,78.00099999999999
2024-02-16 13:30:00,50,76.6962
2024-02-16 14:15:00,50,49.6
2024-02-16 14:30:00,100,48.42
2024-02-16 14:45:00,90,48.577777777777776
2024-02-16 15:00:00,45,50.74444444444445
2024-02-16 15:15:00,115,48.8304347826087
2024-02-16 15:30:00,115,48.8304347826087
2024-02-16 15:45:00,85,49.45294117647059
2024-02-16 16:00:00,90,53.97222222222222
2024-02-16 16:15:00,95,53.60526315789474
2024-02-16 16:30:00,100,54.225
2024-02-16 16:45:00,70,56.06428571428572
2024-02-16 17:00:00,113,51.81566371681416
2024-02-16 17:15:00,113,51.91300884955752
2024-02-16 17:30:00,115,52.00147826086957
2024-02-16 17:45:00,91,53.65021978021978
2024-02-16 18:00:00,53,65.0
2024-02-16 18:15:00,58,65.0
2024-02-16 20:00:00,65,58.15
2024-02-16 20:15:00,65,58.15
2024-02-16 20:30:00,65,58.15
2024-02-16 20:45:00,65,58.15
2024-02-16 21:00:00,34,55.12911764705882
2024-02-16 21:15:00,34,55.12911764705882
2024-02-16 21:45:00,94,51.855212765957454
2024-02-16 22:15:00,78,79.18166666666667
2024-02-16 23:30:00,30,50.0
2024-02-16 23:45:00,102,49.05882352941177
2024-02-17 00:00:00,46,77.80673913043478
2024-02-17 00:15:00,43,77.98953488372092
2024-02-17 00:45:00,80,55.5
2024-02-17 01:00:00,74,41.075675675675676
2024-02-17 01:45:00,77,44.38961038961039
2024-02-17 02:00:00,86,47.0
2024-02-17 02:15:00,86,47.0
2024-02-17 02:30:00,86,47.0
2024-02-17 02:45:00,101,46.16831683168317
2024-02-17 03:00:00,106,47.0188679245283
2024-02-17 03:15:00,96,47.020833333333336
2024-02-17 03:30:00,64,47.03125
2024-02-17 03:45:00,52,47.03846153846154
2024-02-17 04:15:00,40,50.275
2024-02-17 04:30:00,62,49.11290322580645
2024-02-17 07:45:00,40,60.0
2024-02-17 08:00:00,85,65.0
2024-02-17 08:15:00,85,65.0
2024-02-17 08:30:00,85,65.0
2024-02-17 08:45:00,85,65.0
2024-02-17 09:00:00,60,57.0
2024-02-17 09:15:00,60,57.0
2024-02-17 09:30:00,60,57.0
2024-02-17 09:45:00,60,57.0
2024-02-17 10:00:00,75,55.306666666666665
2024-02-17 10:15:00,75,55.306666666666665
2024-02-17 10:30:00,75,55.306666666666665
2024-02-17 10:45:00,75,55.306666666666665
2024-02-17 11:00:00,77,44.62987012987013
2024-02-17 11:15:00,176,32.330681818181816
2024-02-17 11:30:00,176,33.467045454545456
2024-02-17 11:45:00,176,33.467045454545456
2024-02-17 12:00:00,186,49.74193548387097
2024-02-17 12:15:00,186,49.74193548387097
2024-02-17 12:30:00,186,49.74193548387097
2024-02-17 12:45:00,186,49.74193548387097
2024-02-17 13:00:00,180,48.27777777777778
2024-02-17 13:15:00,250,44.8544
2024-02-17 13:30:00,250,44.8544
2024-02-17 13:45:00,250,44.8544
2024-02-17 14:00:00,145,53.03448275862069
2024-02-17 14:15:00,248,50.2241935483871
2024-02-17 14:30:00,248,50.2241935483871
2024-02-17 14:45:00,266,51.244360902255636
2024-02-17 15:00:00,178,46.528651685393264
2024-02-17 15:15:00,126,48.55952380952381
2024-02-17 15:30:00,126,48.55952380952381
2024-02-17 15:45:00,126,48.55952380952381
2024-02-17 16:00:00,133,50.96112781954887
2024-02-17 16:15:00,116,51.54163793103448
2024-02-17 16:30:00,130,67.12407692307693
2024-02-17 16:45:00,130,67.12407692307693
2024-02-17 19:15:00,40,87.0
2024-02-17 19:30:00,40,87.0
2024-02-17 19:45:00,40,87.0
2024-02-17 20:00:00,50,81.0
2024-02-17 20:15:00,50,81.0
2024-02-18 01:00:00,79,44.9746835443038
2024-02-18 01:15:00,79,44.9746835443038
2024-02-18 01:30:00,84,44.541666666666664
2024-02-18 01:45:00,84,44.541666666666664
2024-02-18 02:00:00,116,40.6551724137931
2024-02-18 02:15:00,116,40.6551724137931
2024-02-18 02:30:00,106,41.660377358490564
2024-02-18 02:45:00,106,41.660377358490564
2024-02-18 03:00:00,101,42.04950495049505
2024-02-18 03:15:00,106,41.632075471698116
2024-02-18 03:30:00,106,41.632075471698116
2024-02-18 03:45:00,114,40.81578947368421
2024-02-18 04:00:00,150,38.8
2024-02-18 04:15:00,150,38.8
2024-02-18 04:30:00,130,40.84615384615385
2024-02-18 04:45:00,130,40.84615384615385
2024-02-18 05:15:00,64,45.7578125
2024-02-18 05:30:00,64,45.7578125
2024-02-18 05:45:00,64,45.7578125
2024-02-18 06:00:00,107,38.700934579439256
2024-02-18 06:15:00,107,38.700934579439256
2024-02-18 06:30:00,107,38.700934579439256
2024-02-18 06:45:00,107,38.700934579439256
2024-02-18 07:00:00,111,42.4954954954955
2024-02-18 07:15:00,111,42.4954954954955
2024-02-18 07:30:00,111,42.4954954954955
2024-02-18 07:45:00,111,42.4954954954955
2024-02-18 08:00:00,128,41.483125
2024-02-18 08:15:00,59,45.644067796610166
2024-02-18 08:30:00,59,45.644067796610166
2024-02-18 08:45:00,59,45.644067796610166
2024-02-18 09:00:00,45,49.22222222222222
2024-02-18 09:15:00,45,49.22222222222222
2024-02-18 09:30:00,50,49.0
2024-02-18 09:45:00,50,49.0
2024-02-18 10:00:00,50,41.8
2024-02-18 10:15:00,100,27.915
2024-02-18 10:30:00,100,27.915
2024-02-18 10:45:00,100,27.915
2024-02-18 11:00:00,107,1.0158878504672901
2024-02-18 11:15:00,137,-15.717518248175184
2024-02-18 11:30:00,137,-15.717518248175184
2024-02-18 11:45:00,137,-15.717518248175184
2024-02-18 12:00:00,141,-28.32836879432624
2024-02-18 12:15:00,120,-18.748333333333335
2024-02-18 12:30:00,118,-15.091525423728813
2024-02-18 12:45:00,109,-13.089908256880733
2024-02-18 13:00:00,122,-29.004508196721314
2024-02-18 13:15:00,132,-29.380681818181817
2024-02-18 13:30:00,156,-48.238461538461536
2024-02-18 13:45:00,156,-48.238461538461536
2024-02-18 14:00:00,161,-59.986335403726706
2024-02-18 14:15:00,161,-59.986335403726706
2024-02-18 16:30:00,152,29.07236842105263
2024-02-18 16:45:00,152,29.07236842105263
2024-02-18 17:00:00,49,47.816326530612244
2024-02-18 17:15:00,59,47.67796610169491
2024-02-18 17:30:00,59,47.67796610169491
2024-02-18 17:45:00,49,47.816326530612244
2024-02-18 18:00:00,45,48.44444444444444
2024-02-18 18:15:00,45,48.44444444444444
2024-02-18 18:30:00,45,48.44444444444444
2024-02-18 18:45:00,45,48.44444444444444
2024-02-18 19:00:00,45,48.44444444444444
2024-02-18 19:15:00,45,48.44444444444444
2024-02-18 19:30:00,30,48.666666666666664
2024-02-18 19:45:00,30,48.666666666666664
2024-02-18 20:00:00,29,47.0
2024-02-18 20:15:00,29,47.0
2024-02-18 20:30:00,39,47.0
2024-02-18 20:45:00,29,47.0
2024-02-18 21:00:00,54,47.27777777777778
2024-02-18 21:15:00,54,47.27777777777778
2024-02-18 21:30:00,54,47.27777777777778
2024-02-18 21:45:00,54,47.27777777777778
2024-02-18 22:00:00,56,48.75
2024-02-18 22:15:00,72,48.236111111111114
2024-02-18 22:30:00,69,47.72463768115942
2024-02-18 22:45:00,59,47.33898305084746
2024-02-18 23:00:00,59,47.33898305084746
2024-02-18 23:15:00,59,47.33898305084746
2024-02-18 23:30:00,59,47.33898305084746
2024-02-18 23:45:00,59,47.33898305084746
2024-02-19 00:00:00,59,42.813559322033896
2024-02-19 00:15:00,59,42.813559322033896
2024-02-19 00:30:00,59,42.813559322033896
2024-02-19 00:45:00,59,42.813559322033896
2024-02-19 01:00:00,51,46.411764705882355
2024-02-19 01:15:00,54,46.111111111111114
2024-02-19 01:30:00,63,45.76190476190476
2024-02-19 01:45:00,55,44.67272727272727
2024-02-19 02:00:00,59,32.47457627118644
2024-02-19 02:15:00,59,32.47457627118644
2024-02-19 02:30:00,64,32.8671875
2024-02-19 02:45:00,64,32.8671875
2024-02-19 03:00:00,59,34.11864406779661
2024-02-19 03:15:00,84,32.57142857142857
2024-02-19 03:30:00,84,32.57142857142857
2024-02-19 03:45:00,94,31.4468085106383
2024-02-19 04:00:00,99,37.78787878787879
2024-02-19 04:15:00,99,30.46969696969697
2024-02-19 04:30:00,94,29.856382978723403
2024-02-19 04:45:00,94,29.856382978723403
2024-02-19 05:00:00,93,36.784946236559136
2024-02-19 05:15:00,94,36.712765957446805
2024-02-19 05:30:00,100,37.675
2024-02-19 05:45:00,100,37.675
2024-02-19 06:00:00,100,52.8
2024-02-19 06:15:00,40,56.5
2024-02-19 06:30:00,40,56.5
2024-02-19 06:45:00,40,56.5
2024-02-19 07:00:00,50,60.8
2024-02-19 07:15:00,50,60.8
2024-02-19 07:30:00,50,60.8
2024-02-19 07:45:00,50,60.8
2024-02-19 08:00:00,30,57.88333333333333
2024-02-19 08:15:00,30,57.88333333333333
2024-02-19 08:30:00,30,57.88333333333333
2024-02-19 08:45:00,30,57.88333333333333
2024-02-19 09:00:00,45,62.0
2024-02-19 09:15:00,35,62.0
2024-02-19 09:30:00,35,62.0
2024-02-19 09:45:00,145,60.04137931034483
2024-02-19 10:00:00,149,50.58724832214765
2024-02-19 10:15:00,174,49.5316091954023
2024-02-19 10:30:00,181,49.2232044198895
2024-02-19 10:45:00,201,47.6910447761194
2024-02-19 11:00:00,200,52.6675
2024-02-19 11:15:00,210,52.49285714285714
2024-02-19 11:30:00,205,54.017073170731706
2024-02-19 11:45:00,205,54.017073170731706
2024-02-19 12:00:00,209,49.16267942583732
2024-02-19 12:15:00,180,49.51111111111111
2024-02-19 12:30:00,200,49.26
2024-02-19 12:45:00,130,50.47692307692308
2024-02-19 13:00:00,150,49.96333333333333
2024-02-19 13:15:00,155,49.86774193548387
2024-02-19 14:00:00,600,93.49625
2024-02-19 14:15:00,600,93.49666666666667
2024-02-19 14:30:00,600,93.49716666666667
2024-02-19 14:45:00,593,96.5295952782462
2024-02-19 15:00:00,600,95.35708333333334
2024-02-19 15:15:00,595,96.14638655462184
2024-02-19 15:30:00,595,96.14638655462184
2024-02-19 15:45:00,515,95.17834951456311
2024-02-19 16:00:00,85,55.87647058823529
2024-02-19 16:15:00,194,51.618556701030926
2024-02-19 16:30:00,199,51.402010050251256
2024-02-19 16:45:00,199,51.402010050251256
2024-02-19 17:00:00,200,52.2475
2024-02-19 17:15:00,165,54.47878787878788
2024-02-19 17:30:00,165,54.47878787878788
2024-02-19 17:45:00,50,59.46
2024-02-19 22:45:00,65,54.23076923076923
2024-02-19 23:00:00,60,54.25
2024-02-19 23:15:00,60,54.25
2024-02-19 23:30:00,60,54.25
2024-02-19 23:45:00,60,54.25
2024-02-20 00:00:00,51,50.3
2024-02-20 00:15:00,49,50.3
2024-02-20 00:30:00,45,50.3
2024-02-20 00:45:00,44,50.3
2024-02-20 01:00:00,44,50.3
2024-02-20 01:15:00,49,50.3
2024-02-20 01:30:00,49,50.3
2024-02-20 01:45:00,47,50.3
2024-02-20 02:00:00,60,56.5
2024-02-20 02:15:00,60,56.5
2024-02-20 02:30:00,60,56.5
2024-02-20 02:45:00,60,56.5
2024-02-20 03:00:00,44,50.3
2024-02-20 03:15:00,44,50.3
2024-02-20 03:30:00,44,50.3
2024-02-20 03:45:00,44,50.3
2024-02-20 04:00:00,44,50.3
2024-02-20 04:15:00,45,50.3
2024-02-20 04:30:00,46,50.3
2024-02-20 04:45:00,48,50.29999999999999
2024-02-20 05:00:00,84,49.2047619047619
2024-02-20 05:15:00,88,49.25454545454545
2024-02-20 05:30:00,75,54.6
2024-02-20 05:45:00,75,54.6
2024-02-20 06:00:00,70,66.57142857142857
2024-02-20 06:15:00,70,66.57142857142857
2024-02-20 06:30:00,70,66.57142857142857
2024-02-20 06:45:00,70,66.57142857142857
2024-02-20 07:00:00,70,73.77142857142857
2024-02-20 07:15:00,68,73.88235294117646
2024-02-20 07:30:00,73,73.82191780821918
2024-02-20 07:45:00,70,73.85714285714286
2024-02-20 08:00:00,80,77.5
2024-02-20 08:15:00,80,77.5
2024-02-20 08:30:00,80,77.5
2024-02-20 08:45:00,80,77.5
2024-02-20 09:00:00,70,71.42857142857143
2024-02-20 11:15:00,80,57.0
2024-02-20 11:30:00,80,57.0
2024-02-20 11:45:00,80,57.0
2024-02-20 12:00:00,80,54.0
2024-02-20 12:15:00,80,54.0
2024-02-20 12:30:00,80,54.0
2024-02-20 12:45:00,80,54.0
2024-02-20 13:00:00,923,98.95223185265439
2024-02-20 13:15:00,868,95.98036866359448
2024-02-20 13:30:00,867,95.99920415224913
2024-02-20 13:45:00,940,100.0103829787234
2024-02-20 14:00:00,298,80.86466442953021
2024-02-20 14:15:00,296,80.96570945945946
2024-02-20 14:30:00,364,82.74972527472528
2024-02-20 14:45:00,384,83.48463541666668
2024-02-20 15:00:00,382,82.34447643979058
2024-02-20 15:15:00,381,82.35089238845146
2024-02-20 15:30:00,370,85.54594594594595
2024-02-20 15:45:00,298,84.4811744966443
2024-02-20 16:00:00,314,82.29210191082802
2024-02-20 16:15:00,314,82.29066878980892
2024-02-20 16:30:00,313,82.30102236421726
2024-02-20 16:45:00,250,80.85524000000001
2024-02-20 17:00:00,35,69.42857142857143
2024-02-21 07:15:00,32,85.9734375
2024-02-21 07:30:00,65,86.82000000000001
2024-02-21 07:45:00,105,89.29714285714286
2024-02-21 08:00:00,115,87.68608695652173
2024-02-21 08:15:00,115,87.68782608695652
2024-02-21 08:30:00,115,87.68826086956521
2024-02-21 08:45:00,115,87.69
2024-02-21 09:00:00,70,79.22142857142858
2024-02-21 09:15:00,71,79.23098591549295
2024-02-21 09:30:00,50,60.374399999999994
2024-02-21 09:45:00,50,58.60799999999999
2024-02-21 10:00:00,50,55.0
2024-02-21 10:15:00,117,55.0
2024-02-21 10:30:00,90,55.0
2024-02-21 10:45:00,80,55.0
2024-02-21 11:00:00,108,51.711111111111116
2024-02-21 11:15:00,156,50.7724358974359
2024-02-21 11:30:00,140,51.31785714285714
2024-02-21 11:45:00,186,49.87311827956989
2024-02-21 12:00:00,177,48.0316384180791
2024-02-21 12:15:00,175,48.007999999999996
2024-02-21 12:30:00,125,49.396
2024-02-21 12:45:00,125,49.396
2024-02-21 13:00:00,131,44.25190839694657
2024-02-21 13:15:00,131,44.25190839694657
2024-02-21 13:30:00,131,44.25190839694657
2024-02-21 13:45:00,171,43.02456140350877
2024-02-21 14:00:00,152,47.37828947368421
2024-02-21 14:15:00,100,48.245
2024-02-21 21:30:00,40,51.0
2024-02-21 21:45:00,40,51.0
2024-02-21 22:00:00,90,54.333333333333336
2024-02-21 22:15:00,81,54.25925925925926
2024-02-21 22:30:00,112,52.408035714285724
2024-02-21 22:45:00,96,51.66041666666666
2024-02-21 23:00:00,98,47.861224489795916
2024-02-21 23:15:00,99,48.13131313131313
2024-02-21 23:30:00,105,48.66380952380953
2024-02-21 23:45:00,100,46.7756
2024-02-22 00:00:00,90,50.5
2024-02-22 00:15:00,88,50.50909090909091
2024-02-22 00:30:00,86,50.518604651162796
2024-02-22 00:45:00,84,50.528571428571425
2024-02-22 01:00:00,84,50.528571428571425
2024-02-22 01:15:00,89,50.504494382022465
2024-02-22 01:30:00,89,50.504494382022465
2024-02-22 01:45:00,87,50.513793103448286
2024-02-22 02:00:00,88,50.50909090909091
2024-02-22 02:15:00,86,50.518604651162796
2024-02-22 02:30:00,85,50.523529411764706
2024-02-22 02:45:00,84,50.528571428571425
2024-02-22 03:00:00,85,50.523529411764706
2024-02-22 03:15:00,84,50.528571428571425
2024-02-22 03:30:00,84,50.528571428571425
2024-02-22 03:45:00,84,50.528571428571425
2024-02-22 04:00:00,84,50.528571428571425
2024-02-22 04:15:00,84,50.528571428571425
2024-02-22 04:30:00,85,50.523529411764706
2024-02-22 04:45:00,87,50.513793103448286
2024-02-22 05:00:00,104,49.465384615384615
2024-02-22 05:15:00,106,49.47735849056604
2024-02-22 05:30:00,110,49.5
2024-02-22 05:45:00,115,49.52608695652174
2024-02-22 07:00:00,79,80.823417721519
2024-02-22 07:15:00,149,84.56040268456375
2024-02-22 07:30:00,179,85.78519553072626
2024-02-22 07:45:00,169,86.16597633136094
2024-02-22 08:00:00,180,98.4575
2024-02-22 08:15:00,180,98.98722222222223
2024-02-22 08:30:00,180,98.98722222222223
2024-02-22 08:45:00,180,98.98722222222223
2024-02-22 09:00:00,216,86.70347222222223
2024-02-22 09:15:00,222,86.55923423423424
2024-02-22 09:30:00,220,86.62181818181818
2024-02-22 09:45:00,218,86.6848623853211
2024-02-22 10:00:00,162,85.66666666666667
2024-02-22 10:15:00,200,86.89575
2024-02-22 10:30:00,200,86.89475
2024-02-22 10:45:00,161,85.63354037267081
2024-02-22 11:00:00,140,82.09607142857143
2024-02-22 11:15:00,143,81.76524475524475
2024-02-22 11:30:00,143,81.76615384615384
2024-02-22 11:45:00,143,81.75685314685315
2024-02-22 12:00:00,225,78.10555555555555
2024-02-22 12:15:00,227,78.11850220264319
2024-02-22 12:30:00,268,80.18544776119403
2024-02-22 12:45:00,135,77.24444444444444
2024-02-22 13:00:00,165,78.76484848484849
2024-02-22 13:15:00,85,75.8064705882353
2024-02-22 13:30:00,85,75.81411764705882
2024-02-22 13:45:00,105,76.41952380952381
2024-02-22 14:00:00,110,75.6490909090909
2024-02-22 14:15:00,110,75.6509090909091
2024-02-22 14:30:00,110,75.65181818181819
2024-02-22 14:45:00,110,75.65318181818182
2024-02-22 15:00:00,135,76.72555555555556
2024-02-22 15:15:00,135,76.72777777777777
2024-02-22 15:30:00,135,76.72333333333333
2024-02-22 15:45:00,135,76.72888888888889
2024-02-22 16:00:00,120,77.74825000000001
2024-02-22 16:15:00,120,77.74825000000001
2024-02-22 16:30:00,120,77.7475
2024-02-22 16:45:00,120,77.74675
2024-02-22 17:00:00,145,87.55710344827585
2024-02-22 17:15:00,145,87.55710344827585
2024-02-22 17:30:00,145,87.55710344827585
2024-02-22 17:45:00,145,87.55710344827585
2024-02-22 18:00:00,135,86.85185185185185
2024-02-22 18:15:00,165,87.68121212121211
2024-02-22 18:30:00,165,87.68181818181819
2024-02-22 18:45:00,105,86.12714285714286
2024-02-22 19:00:00,81,81.3730864197531
2024-02-22 19:15:00,48,79.79583333333333
2024-02-22 19:30:00,50,79.80000000000001
2024-02-22 20:00:00,35,72.42857142857143
2024-02-22 20:15:00,35,72.42857142857143
2024-02-22 20:30:00,35,72.42857142857143
2024-02-23 08:15:00,80,78.54925
2024-02-23 08:30:00,169,83.09668639053254
2024-02-23 08:45:00,169,83.09461538461538
2024-02-23 09:00:00,33,72.47272727272727
2024-02-23 09:15:00,33,72.47272727272727
2024-02-23 13:45:00,38,73.2
2024-02-23 14:00:00,65,75.55461538461539
2024-02-23 14:15:00,66,75.25909090909092
2024-02-23 14:30:00,61,75.34918032786885
2024-02-23 14:45:00,60,75.28999999999999
2024-02-23 15:00:00,75,75.22800000000001
2024-02-23 15:15:00,76,75.19605263157894
2024-02-23 15:30:00,61,75.34918032786885
2024-02-23 15:45:00,60,75.28999999999999
2024-02-23 16:00:00,82,74.78914634146342
2024-02-23 16:15:00,79,74.72151898734177
2024-02-23 16:30:00,75,74.50533333333333
2024-02-23 16:45:00,75,74.50800000000001
2024-02-23 17:00:00,70,84.07142857142857
2024-02-23 17:15:00,292,99.6892808219178
2024-02-23 17:30:00,292,99.6892808219178
2024-02-23 17:45:00,292,99.6892808219178
2024-02-23 18:00:00,398,177.81896984924623
2024-02-23 18:15:00,96,95.82916666666667
2024-02-23 18:30:00,48,92.10416666666667
2024-02-23 18:45:00,48,92.10416666666667
2024-02-23 19:00:00,61,101.04098360655738
2024-02-23 19:15:00,35,96.072
2024-02-23 19:45:00,50,75.0
2024-02-23 20:00:00,35,87.5
2024-02-24 09:45:00,98,38.88928571428571
2024-02-24 10:00:00,92,50.00260869565217
2024-02-24 10:15:00,82,49.393170731707315
2024-02-24 10:30:00,116,47.67448275862069
2024-02-24 10:45:00,106,46.983396226415095
2024-02-24 11:00:00,150,42.985
2024-02-24 11:15:00,150,42.985
2024-02-24 11:30:00,104,45.76923076923077
2024-02-24 11:45:00,99,45.062121212121205
2024-02-24 12:00:00,100,32.07
2024-02-24 12:15:00,95,31.6
2024-02-24 12:30:00,95,31.6
2024-02-24 12:45:00,95,28.33684210526316
2024-02-24 13:30:00,100,74.8995
2024-02-24 13:45:00,100,74.905
2024-02-24 14:00:00,92,78.89402173913044
2024-02-24 14:15:00,116,80.15732758620689
2024-02-24 14:30:00,194,80.73737113402062
2024-02-24 14:45:00,194,80.73737113402062
2024-02-24 15:00:00,235,75.65617021276596
2024-02-24 15:15:00,230,75.93195652173912
2024-02-24 15:30:00,212,79.96787735849058
2024-02-24 15:45:00,100,74.0
2024-02-24 16:00:00,97,73.03958762886599
2024-02-24 16:15:00,95,73.0357894736842
2024-02-24 16:30:00,95,73.03631578947368
2024-02-24 16:45:00,40,71.6
2024-02-24 17:00:00,35,75.0
2024-02-24 17:15:00,35,75.0
2024-02-24 18:30:00,67,100.39179104477611
2024-02-24 18:45:00,52,99.0625
2024-02-24 19:00:00,72,76.43055555555556
2024-02-24 19:15:00,81,76.1604938271605
2024-02-24 19:45:00,40,66.0
2024-02-24 20:15:00,25,81.4
2024-02-24 20:45:00,50,75.0
2024-02-24 21:00:00,50,77.695
2024-02-24 21:15:00,50,78.48
2024-02-24 21:30:00,50,78.48
2024-02-24 22:00:00,50,78.48
2024-02-24 22:15:00,50,78.462
2024-02-24 22:30:00,50,78.48
2024-02-24 22:45:00,50,78.48
2024-02-24 23:00:00,50,73.334
2024-02-24 23:15:00,50,73.334
2024-02-24 23:30:00,50,73.334
2024-02-24 23:45:00,50,73.334
2024-02-25 00:00:00,50,71.027
2024-02-25 00:15:00,50,71.027
2024-02-25 00:30:00,70,72.43142857142857
2024-02-25 00:45:00,70,72.4342857142857
2024-02-25 01:00:00,70,72.60714285714286
2024-02-25 01:15:00,70,72.11785714285715
2024-02-25 01:30:00,70,72.11214285714286
2024-02-25 01:45:00,70,72.11500000000001
2024-02-25 02:00:00,52,79.48076923076923
2024-02-25 02:15:00,68,80.11764705882354
2024-02-25 02:30:00,40,78.1125
2024-02-25 05:15:00,30,75.41666666666667
2024-02-25 05:30:00,30,75.41666666666667
2024-02-25 05:45:00,50,76.72
2024-02-25 06:00:00,50,77.11
2024-02-25 06:15:00,50,77.11
2024-02-25 06:30:00,50,77.11
2024-02-25 06:45:00,50,77.11
2024-02-25 07:00:00,50,74.3
2024-02-25 07:15:00,50,74.3
2024-02-25 07:30:00,50,77.15100000000001
2024-02-25 07:45:00,50,77.156
2024-02-25 08:00:00,57,67.29578947368421
2024-02-25 08:15:00,50,67.396
2024-02-25 08:30:00,50,67.396
2024-02-25 08:45:00,55,67.32181818181817
2024-02-25 09:00:00,45,51.0
2024-02-25 09:15:00,100,47.673500000000004
2024-02-25 09:30:00,100,47.673500000000004
2024-02-25 09:45:00,100,47.673500000000004
2024-02-25 10:00:00,98,41.82397959183673
2024-02-25 10:15:00,149,32.17617449664429
2024-02-25 10:30:00,251,3.670119521912351
2024-02-25 10:45:00,349,-22.440401146131805
2024-02-25 11:00:00,403,-2576.769106699752
2024-02-25 11:15:00,404,-2929.9738861386136
2024-02-25 11:30:00,399,-2358.2956140350875
2024-02-25 11:45:00,399,-2471.2993734335837
2024-02-25 12:00:00,500,-2356.318
2024-02-25 12:15:00,598,-3477.3896321070233
2024-02-25 12:30:00,596,-3082.978187919463
2024-02-25 12:45:00,601,-3322.085690515807
2024-02-25 13:00:00,498,-1572.3787148594377
2024-02-25 13:15:00,498,-1571.0865461847388
2024-02-25 13:30:00,498,-1568.5875502008032
2024-02-25 13:45:00,498,-1569.2652610441767
2024-02-25 14:00:00,498,-957.9947791164659
2024-02-25 14:15:00,498,-957.9947791164659
2024-02-25 14:30:00,498,-957.9947791164659
2024-02-25 14:45:00,498,-957.9947791164659
2024-02-25 15:00:00,502,-306.56083665338645
2024-02-25 15:15:00,501,-245.0856886227545
2024-02-25 15:30:00,537,-419.2457169459963
2024-02-25 15:45:00,202,-54.53777227722772
2024-02-25 16:00:00,200,20.6446
2024-02-25 16:15:00,100,43.4375
2024-02-25 16:30:00,100,43.4375
2024-02-25 16:45:00,100,43.4375
2024-02-25 17:00:00,100,49.82149999999999
2024-02-25 18:45:00,45,82.61999999999999
2024-02-25 19:00:00,45,83.25
2024-02-25 19:15:00,45,83.24555555555555
2024-02-25 19:30:00,100,86.344
2024-02-25 19:45:00,100,86.33850000000001
2024-02-25 20:00:00,53,84.05283018867925
2024-02-25 20:15:00,53,84.04528301886792
2024-02-25 20:30:00,53,84.05094339622642
2024-02-25 20:45:00,53,84.05094339622642
2024-02-25 21:00:00,40,81.8275
2024-02-25 21:15:00,40,81.8125
2024-02-25 21:30:00,59,53.96610169491525
2024-02-25 21:45:00,59,53.96610169491525
2024-02-25 22:00:00,100,49.3465
2024-02-25 22:15:00,100,49.3117
2024-02-25 22:30:00,150,44.65773333333333
2024-02-25 22:45:00,150,44.66013333333333
2024-02-25 23:00:00,139,33.55035971223022
2024-02-25 23:15:00,129,33.116279069767444
2024-02-25 23:30:00,44,49.5
2024-02-25 23:45:00,44,49.5
2024-02-26 00:30:00,49,46.59183673469388
2024-02-26 00:45:00,100,43.5875
2024-02-26 01:00:00,209,31.86244019138756
2024-02-26 01:15:00,209,31.86244019138756
2024-02-26 01:30:00,209,31.86244019138756
2024-02-26 01:45:00,209,31.86244019138756
2024-02-26 02:00:00,200,23.90125
2024-02-26 02:15:00,200,23.90125
2024-02-26 02:30:00,188,24.590425531914892
2024-02-26 02:45:00,188,24.590425531914892
2024-02-26 03:00:00,150,39.20333333333333
2024-02-26 03:15:00,150,39.24666666666667
2024-02-26 03:30:00,150,39.20333333333333
2024-02-26 03:45:00,150,39.20333333333333
2024-02-26 04:00:00,150,38.99333333333333
2024-02-26 04:15:00,150,38.99333333333333
2024-02-26 04:30:00,150,38.99333333333333
2024-02-26 04:45:00,150,38.99333333333333
2024-02-26 05:00:00,150,39.275333333333336
2024-02-26 05:15:00,150,39.275333333333336
2024-02-26 05:30:00,150,39.275333333333336
2024-02-26 05:45:00,148,40.47094594594594
2024-02-26 06:00:00,90,53.666666666666664
2024-02-26 09:00:00,150,58.03333333333333
2024-02-26 09:15:00,150,58.03333333333333
2024-02-26 09:30:00,150,58.03333333333333
2024-02-26 09:45:00,150,58.03333333333333
2024-02-26 10:00:00,144,51.90416666666667
2024-02-26 10:15:00,149,51.77315436241611
2024-02-26 10:30:00,149,50.967785234899324
2024-02-26 10:45:00,114,51.30877192982456
2024-02-26 11:00:00,91,53.61758241758242
2024-02-26 11:15:00,91,53.61758241758242
2024-02-26 11:30:00,44,56.445454545454545
2024-02-26 11:45:00,44,56.445454545454545
2024-02-26 12:00:00,57,52.512280701754385
2024-02-26 13:15:00,119,49.94201680672269
2024-02-26 13:30:00,119,49.63949579831933
2024-02-26 13:45:00,114,49.535964912280704
2024-02-26 14:00:00,114,46.07807017543859
2024-02-26 14:15:00,114,46.07807017543859
2024-02-26 14:30:00,119,50.574789915966385
2024-02-26 14:45:00,124,51.237096774193546
2024-02-26 15:00:00,135,47.355555555555554
2024-02-26 15:15:00,135,47.355555555555554
2024-02-26 15:30:00,120,51.17916666666667
2024-02-26 15:45:00,153,50.47712418300654
2024-02-26 16:00:00,160,54.947500000000005
2024-02-26 16:15:00,120,55.93416666666667
2024-02-26 16:30:00,120,55.94666666666667
2024-02-26 16:45:00,120,55.28
2024-02-26 17:00:00,165,53.75454545454546
2024-02-26 17:15:00,165,53.75454545454546
2024-02-26 17:30:00,165,53.75454545454546
2024-02-26 17:45:00,165,53.75454545454546
2024-02-26 18:00:00,90,59.90555555555556
2024-02-26 18:15:00,90,59.90555555555556
2024-02-26 18:45:00,41,88.34634146341465
2024-02-26 19:00:00,45,84.17888888888889
2024-02-26 19:15:00,50,84.76100000000001
2024-02-26 19:30:00,45,84.17888888888889
2024-02-26 19:45:00,50,84.76100000000001
2024-02-26 20:00:00,50,79.709
2024-02-26 20:15:00,50,79.697
2024-02-26 20:30:00,50,79.705
2024-02-26 20:45:00,50,79.70700000000001
2024-02-26 21:00:00,101,79.31475247524753
2024-02-26 21:15:00,100,79.5168
2024-02-26 21:30:00,50,76.226
2024-02-26 21:45:00,50,76.226
2024-02-26 22:00:00,50,75.554
2024-02-26 22:15:00,50,75.554
2024-02-26 22:30:00,50,75.554
2024-02-26 22:45:00,50,75.554
2024-02-26 23:00:00,50,73.39200000000001
2024-02-26 23:15:00,50,73.39200000000001
2024-02-26 23:45:00,50,52.986999999999995
2024-02-27 00:00:00,50,52.14
2024-02-27 00:15:00,50,52.14
2024-02-27 00:45:00,50,69.22
2024-02-27 01:00:00,50,69.1
2024-02-27 01:15:00,50,69.1
2024-02-27 01:30:00,50,69.1
2024-02-27 01:45:00,50,69.1
2024-02-27 02:00:00,50,69.13
2024-02-27 02:15:00,50,69.13
2024-02-27 02:30:00,50,69.13
2024-02-27 02:45:00,50,69.13
2024-02-27 05:45:00,47,73.17021276595744
2024-02-27 06:00:00,100,67.1
2024-02-27 06:15:00,100,67.1
2024-02-27 06:45:00,52,82.21634615384616
2024-02-27 07:00:00,100,71.54
2024-02-27 07:15:00,100,71.54
2024-02-27 07:30:00,100,71.54
2024-02-27 08:15:00,52,99.92307692307692
2024-02-27 08:30:00,52,99.92307692307692
2024-02-27 08:45:00,52,99.92307692307692
2024-02-27 09:00:00,49,90.13857142857142
2024-02-27 11:15:00,42,80.20595238095238
2024-02-27 11:30:00,190,87.11868421052631
2024-02-27 11:45:00,92,83.10652173913044
2024-02-27 12:00:00,90,79.899
2024-02-27 12:15:00,101,80.0970297029703
2024-02-27 12:30:00,128,80.68515625
2024-02-27 13:00:00,45,60.733333333333334
2024-02-27 13:15:00,45,60.733333333333334
2024-02-27 13:30:00,45,60.733333333333334
2024-02-27 13:45:00,45,60.733333333333334
2024-02-27 14:00:00,155,56.32258064516129
2024-02-27 14:15:00,200,55.025
2024-02-27 14:30:00,200,55.5
2024-02-27 14:45:00,200,55.5
2024-02-27 23:45:00,95,52.705263157894734
2024-02-28 00:00:00,90,53.4
2024-02-28 00:15:00,90,53.4
2024-02-28 00:30:00,90,53.4
2024-02-28 00:45:00,90,53.4
2024-02-28 01:00:00,80,53.2
2024-02-28 01:15:00,80,53.2
2024-02-28 01:30:00,80,53.2
2024-02-28 01:45:00,80,53.2
2024-02-28 02:00:00,95,52.53157894736842
2024-02-28 02:15:00,95,52.53157894736842
2024-02-28 02:30:00,95,52.53157894736842
2024-02-28 02:45:00,95,52.53157894736842
2024-02-28 03:00:00,95,52.53157894736842
2024-02-28 03:15:00,95,52.53157894736842
2024-02-28 03:30:00,95,52.53157894736842
2024-02-28 03:45:00,95,52.53157894736842
2024-02-28 04:00:00,95,52.53157894736842
2024-02-28 04:15:00,95,52.53157894736842
2024-02-28 04:30:00,95,52.53157894736842
2024-02-28 04:45:00,95,52.53157894736842
2024-02-28 05:00:00,109,53.75229357798165
2024-02-28 05:15:00,109,53.75229357798165
2024-02-28 05:45:00,100,83.47200000000001
2024-02-28 06:00:00,108,55.39990740740741
2024-02-28 08:30:00,120,129.57833333333332
2024-02-28 08:45:00,120,129.29916666666665
2024-02-28 09:00:00,120,146.35291666666666
2024-02-28 09:15:00,120,145.33333333333334
2024-02-28 09:30:00,150,140.92733333333334
2024-02-28 09:45:00,202,159.8987623762376
2024-02-28 10:00:00,197,118.65837563451777
2024-02-28 10:15:00,192,117.25130208333333
2024-02-28 10:30:00,205,104.85317073170732
2024-02-28 10:45:00,194,104.41211340206186
2024-02-28 11:00:00,200,80.4644
2024-02-28 11:15:00,200,80.4644
2024-02-28 11:30:00,200,80.4644
2024-02-28 11:45:00,200,80.4644
2024-02-28 12:00:00,265,77.7256603773585
2024-02-28 12:15:00,245,77.2134693877551
2024-02-28 12:30:00,245,77.2134693877551
2024-02-28 12:45:00,245,77.2134693877551
2024-02-28 13:00:00,105,76.87142857142857
2024-02-28 13:15:00,105,76.87142857142857
2024-02-28 14:00:00,80,74.236875
2024-02-28 14:15:00,80,74.236875
2024-02-28 14:30:00,120,75.26833333333335
2024-02-28 14:45:00,185,77.06270270270271
2024-02-28 15:00:00,180,77.13805555555555
2024-02-28 15:15:00,180,77.13805555555555
2024-02-28 15:30:00,85,72.91588235294118
2024-02-28 15:45:00,85,72.91588235294118
2024-02-28 16:00:00,100,81.31
2024-02-28 16:15:00,100,81.31
2024-02-28 16:30:00,30,78.25
2024-02-28 16:45:00,30,78.25
2024-02-28 17:00:00,35,87.11571428571429
2024-02-28 17:15:00,35,87.11571428571429
2024-02-28 17:30:00,35,87.11571428571429
2024-02-28 17:45:00,70,94.45071428571428
2024-02-28 18:00:00,80,122.394375
2024-02-28 18:15:00,80,122.40687499999999
2024-02-28 18:30:00,80,108.466875
2024-02-28 18:45:00,80,108.466875
2024-02-28 19:00:00,55,93.93454545454544
2024-02-28 19:15:00,100,97.089
2024-02-28 19:30:00,110,97.31727272727272
2024-02-28 20:00:00,55,79.18181818181819
2024-02-28 20:15:00,55,79.18181818181819
2024-02-28 20:30:00,55,79.18181818181819
2024-02-28 20:45:00,55,79.18181818181819
2024-02-28 21:00:00,30,73.8
2024-02-28 21:15:00,30,73.8
2024-02-28 21:30:00,30,73.8
2024-02-28 21:45:00,75,75.98666666666666
2024-02-28 22:00:00,80,78.89375
2024-02-28 22:15:00,80,78.89375
2024-02-28 22:30:00,80,78.89375
2024-02-28 22:45:00,80,78.89375
2024-02-28 23:00:00,55,76.72727272727273
2024-02-28 23:15:00,60,76.66666666666667
2024-02-28 23:30:00,60,76.66666666666667
2024-02-28 23:45:00,60,76.66666666666667
2024-02-29 00:00:00,52,53.19230769230769
2024-02-29 00:15:00,52,53.19230769230769
2024-02-29 00:30:00,52,53.19230769230769
2024-02-29 00:45:00,52,53.19230769230769
2024-02-29 01:00:00,53,50.0
2024-02-29 01:15:00,53,50.0
2024-02-29 01:30:00,53,50.0
2024-02-29 01:45:00,53,50.0
2024-02-29 02:00:00,53,50.0
2024-02-29 02:15:00,53,50.0
2024-02-29 02:30:00,53,50.0
2024-02-29 02:45:00,53,50.0
2024-02-29 03:00:00,53,50.0
2024-02-29 03:15:00,53,50.0
2024-02-29 03:30:00,53,50.0
2024-02-29 03:45:00,53,50.0
2024-02-29 04:00:00,53,50.0
2024-02-29 04:15:00,53,50.0
2024-02-29 04:30:00,53,50.0
2024-02-29 04:45:00,53,50.0
2024-02-29 05:00:00,52,53.19230769230769
2024-02-29 05:15:00,52,53.19230769230769
2024-02-29 05:30:00,62,52.67741935483871
2024-02-29 05:45:00,67,52.47761194029851
2024-02-29 06:00:00,70,56.06371428571428
2024-02-29 07:15:00,52,83.95384615384616
2024-02-29 07:30:00,52,83.95384615384616
2024-02-29 07:45:00,52,83.95384615384616
2024-02-29 08:00:00,50,82.0
2024-02-29 08:15:00,50,82.0
2024-02-29 08:30:00,80,80.5
2024-02-29 08:45:00,80,80.5
2024-02-29 09:00:00,50,79.2
2024-02-29 09:15:00,40,79.0
2024-02-29 09:30:00,40,79.0
2024-02-29 10:00:00,25,76.0
2024-02-29 10:15:00,25,76.0
2024-02-29 10:30:00,75,77.66666666666667
2024-02-29 10:45:00,75,77.66666666666667
2024-02-29 11:00:00,84,78.13571428571429
2024-02-29 11:15:00,84,78.13571428571429
2024-02-29 11:30:00,151,79.08423841059603
2024-02-29 11:45:00,173,79.45502890173411
2024-02-29 12:00:00,195,76.24948717948718
2024-02-29 12:15:00,190,76.19473684210526
2024-02-29 12:30:00,180,76.03888888888889
2024-02-29 12:45:00,130,75.01538461538462
2024-02-29 13:00:00,125,76.616
2024-02-29 19:30:00,161,94.3975155279503
2024-02-29 19:45:00,171,94.74853801169591
2024-02-29 20:00:00,40,83.375
2024-02-29 23:30:00,50,81.88
